county,naics_title,rank,pct_label
Dallas,Temporary help services,1,5.4%
Howard,Support activities for oil and gas operations,1,14.3%
Foard,Engineering services,1,20.0%
Floyd,Drilling oil and gas wells,1,17.3%
Brewster,Oil and gas pipeline construction,1,7.4%
Franklin,Full-service restaurants,1,5.3%
Hunt,Plastics material and resin manufacturing,1,12.0%
Newton,Oil and gas pipeline construction,1,4.7%
Starr,Oil and gas pipeline construction,1,16.7%
Kinney,Support activities for oil and gas operations,1,8.7%
Collingsworth,Support activities for oil and gas operations,1,7.8%
Tom Green,Support activities for oil and gas operations,1,9.2%
Coleman,Support activities for oil and gas operations,1,10.9%
Brazoria,Oil and gas pipeline construction,1,5.1%
Leon,Oil and gas pipeline construction,1,7.0%
Duval,Support activities for oil and gas operations,1,19.4%
Lamb,Support activities for oil and gas operations,1,4.4%
Morris,Iron and steel mills and ferroalloy mfg.,1,19.9%
Smith,HVAC equip. merchant wholesalers,1,4.8%
Jackson,Support activities for oil and gas operations,1,14.1%
Medina,Support activities for oil and gas operations,1,6.2%
Wheeler,Drilling oil and gas wells,1,8.5%
Dallam,Support activities for oil and gas operations,1,10.2%
Callahan,Drilling oil and gas wells,1,9.2%
Lamar,Temporary help services,1,6.1%
Coryell,Full-service restaurants,1,5.3%
Gaines,Support activities for oil and gas operations,1,20.6%
Kendall,Full-service restaurants,1,5.7%
Nacogdoches,Poultry processing,1,7.1%
Milam,Support activities for oil and gas operations,1,3.3%
Hays,Full-service restaurants,1,6.7%
Willacy,Support activities for oil and gas operations,1,6.5%
Johnson,Full-service restaurants,1,4.7%
Reagan,Support activities for oil and gas operations,1,34.4%
Webb,Support activities for oil and gas operations,1,5.8%
Shackelford,Support activities for oil and gas operations,1,31.0%
Bowie,Full-service restaurants,1,6.0%
Scurry,Support activities for oil and gas operations,1,32.9%
Kenedy,Oil and gas pipeline construction,1,33.3%
Somervell,Engineering services,1,5.3%
Oldham,Power and communication system construction,1,7.1%
Taylor,Full-service restaurants,1,7.4%
King,"Other specialized trucking, local",1,100.0%
Borden,Oil and gas pipeline construction,1,5.7%
Walker,Full-service restaurants,1,5.3%
Stephens,Miscellaneous general purpose machinery mfg.,1,24.4%
Deaf Smith,Drilling oil and gas wells,1,5.6%
Roberts,Oil and gas field machinery and equipment,1,16.7%
Tyler,Oil and gas pipeline construction,1,5.8%
Val Verde,Automatic environmental control manufacturing,1,14.9%
Brown,Fiber optic cable manufacturing,1,5.3%
Parker,Full-service restaurants,1,4.0%
Harris,Full-service restaurants,1,4.3%
Zapata,Support activities for oil and gas operations,1,19.8%
Red River,"Nursing care facilities, skilled nursing",1,13.7%
Karnes,Support activities for oil and gas operations,1,16.7%
Palo Pinto,Mining machinery and equipment manufacturing,1,8.8%
Glasscock,Temporary help services,1,12.0%
Shelby,Poultry processing,1,8.4%
Wood,Full-service restaurants,1,4.3%
Crosby,Support activities for oil and gas operations,1,5.7%
Refugio,Support activities for oil and gas operations,1,14.9%
Burnet,Full-service restaurants,1,5.3%
Sterling,Oil and gas pipeline construction,1,21.1%
Montgomery,Full-service restaurants,1,4.5%
San Augustine,Oil and gas pipeline construction,1,6.8%
Rains,Full-service restaurants,1,6.2%
Nueces,Full-service restaurants,1,5.9%
Jack,Support activities for oil and gas operations,1,22.1%
Swisher,Full-service restaurants,1,15.0%
Camp,Iron and steel mills and ferroalloy mfg.,1,6.4%
Brazos,Full-service restaurants,1,4.3%
Orange,Oil and gas pipeline construction,1,4.2%
Colorado,Support activities for oil and gas operations,1,6.6%
Pecos,Support activities for oil and gas operations,1,22.7%
Cochran,Drilling oil and gas wells,1,18.0%
Parmer,"Animal, except poultry, slaughtering",1,9.8%
Freestone,Support activities for oil and gas operations,1,7.9%
Winkler,Support activities for oil and gas operations,1,16.5%
Wichita,Aircraft engine and engine parts mfg.,1,11.8%
Gray,Oil and gas field machinery and equipment,1,23.0%
Schleicher,Support activities for oil and gas operations,1,30.0%
Hardeman,Other animal food manufacturing,1,20.0%
Travis,Full-service restaurants,1,5.4%
Gillespie,Full-service restaurants,1,7.7%
Yoakum,Support activities for oil and gas operations,1,33.3%
Fayette,Support activities for oil and gas operations,1,5.6%
Uvalde,Other grantmaking and giving services,1,5.4%
Grimes,School and employee bus transportation,1,8.1%
Van Zandt,Full-service restaurants,1,4.8%
Throckmorton,Support activities for oil and gas operations,1,35.7%
Falls,Support activities for oil and gas operations,1,6.2%
Grayson,Plate work manufacturing,1,9.7%
Ellis,Full-service restaurants,1,4.5%
Hall,Limited-service restaurants,1,9.1%
Dickens,Support activities for oil and gas operations,1,11.1%
Trinity,Oil and gas pipeline construction,1,3.0%
Reeves,Support activities for oil and gas operations,1,15.4%
Marion,Support activities for oil and gas operations,1,5.6%
Terrell,"Executive and legislative offices, combined",1,25.0%
Lynn,Support activities for oil and gas operations,1,9.7%
La Salle,"Hotels and motels, except casino hotels",1,7.9%
Jasper,Oil and gas pipeline construction,1,6.3%
Jones,Support activities for oil and gas operations,1,9.0%
Castro,Support activities for oil and gas operations,1,6.9%
Victoria,Support activities for oil and gas operations,1,7.8%
Kleberg,Support activities for oil and gas operations,1,8.2%
Briscoe,Support activities for oil and gas operations,1,16.3%
Clay,Support activities for oil and gas operations,1,11.6%
Matagorda,Fabricated pipe and pipe fitting mfg.,1,6.1%
Brooks,Support activities for oil and gas operations,1,11.7%
Runnels,Support activities for oil and gas operations,1,8.8%
Carson,Drilling oil and gas wells,1,6.1%
Liberty,Oil and gas pipeline construction,1,5.9%
Lee,"Gasket, packing, and sealing device mfg.",1,15.4%
Hale,Food service contractors,1,11.1%
Bexar,Full-service restaurants,1,5.9%
Garza,Support activities for oil and gas operations,1,22.9%
Montague,Support activities for oil and gas operations,1,9.2%
Upton,Support activities for oil and gas operations,1,11.4%
Hamilton,Oil and gas pipeline construction,1,3.6%
Fisher,Support activities for oil and gas operations,1,10.0%
Dawson,Support activities for oil and gas operations,1,15.1%
Dimmit,Support activities for oil and gas operations,1,7.2%
Limestone,Other human resource programs administration,1,3.8%
Hutchinson,Oil and gas pipeline construction,1,8.9%
Llano,"Hotels and motels, except casino hotels",1,8.3%
Presidio,Support activities for oil and gas operations,1,11.6%
Eastland,Support activities for oil and gas operations,1,7.5%
Sabine,Commercial machinery repair and maintenance,1,4.5%
Wharton,Support activities for oil and gas operations,1,8.9%
Rusk,Support activities for oil and gas operations,1,10.5%
Tarrant,Temporary help services,1,4.9%
Lavaca,Support activities for oil and gas operations,1,8.4%
Childress,Drilling oil and gas wells,1,9.4%
Hidalgo,Support activities for oil and gas operations,1,3.8%
Kaufman,Full-service restaurants,1,3.7%
Moore,"Animal, except poultry, slaughtering",1,24.6%
Menard,Beef cattle ranching and farming,1,5.0%
Edwards,Drilling oil and gas wells,1,20.0%
San Patricio,Industrial building construction,1,6.2%
Terry,Support activities for oil and gas operations,1,22.2%
Crockett,Oil and gas pipeline construction,1,11.7%
Houston,Poultry processing,1,5.9%
Waller,Limited-service restaurants,1,3.6%
Coke,Full-service restaurants,1,9.2%
Ward,Support activities for oil and gas operations,1,21.0%
Titus,Iron and steel mills and ferroalloy mfg.,1,9.5%
Lampasas,Elementary and secondary schools,1,5.2%
Haskell,Support activities for oil and gas operations,1,6.9%
Martin,Support activities for oil and gas operations,1,23.9%
Atascosa,Support activities for oil and gas operations,1,9.2%
Hemphill,Limited-service restaurants,1,15.8%
Hartley,General medical and surgical hospitals,1,11.1%
Young,Support activities for oil and gas operations,1,11.8%
Burleson,Support activities for oil and gas operations,1,8.7%
Hardin,Oil and gas pipeline construction,1,4.8%
Gonzales,Support activities for oil and gas operations,1,10.6%
McMullen,Support activities for oil and gas operations,1,23.1%
Erath,Noncurrent-carrying wiring device mfg.,1,11.6%
Galveston,Full-service restaurants,1,5.8%
Hopkins,General medical and surgical hospitals,1,4.7%
McLennan,"Bolt, nut, screw, rivet, and washer mfg.",1,5.0%
Madison,School and employee bus transportation,1,9.9%
McCulloch,Kaolin and ball clay mining,1,14.3%
Donley,Drilling oil and gas wells,1,10.7%
Kent,Crude Petroleum Extraction,1,33.3%
Real,General medical and surgical hospitals,1,7.7%
Sutton,Support activities for oil and gas operations,1,23.8%
Midland,Support activities for oil and gas operations,1,21.3%
Hudspeth,Support activities for oil and gas operations,1,11.4%
Zavala,Other grantmaking and giving services,1,7.9%
Harrison,Support activities for oil and gas operations,1,6.6%
Comanche,Noncurrent-carrying wiring device mfg.,1,5.8%
Mitchell,Support activities for oil and gas operations,1,20.4%
Navarro,Confectionery mfg. from purchased chocolate,1,7.6%
Crane,Support activities for oil and gas operations,1,22.0%
Lubbock,Full-service restaurants,1,6.5%
Wise,General medical and surgical hospitals,1,8.5%
Washington,School and employee bus transportation,1,16.1%
Jeff Davis,"Hotels and motels, except casino hotels",1,20.0%
El Paso,Full-service restaurants,1,7.1%
Gregg,Support activities for oil and gas operations,1,5.7%
Williamson,Full-service restaurants,1,5.0%
Lipscomb,Support activities for oil and gas operations,1,7.7%
Mason,Gasoline stations with convenience stores,1,8.5%
Henderson,Limited-service restaurants,1,3.8%
Hansford,Industrial machinery merchant wholesalers,1,6.2%
Chambers,Oil and gas pipeline construction,1,6.2%
Hill,Oil and gas field machinery and equipment,1,8.7%
Potter,"Animal, except poultry, slaughtering",1,13.8%
Jim Wells,Support activities for oil and gas operations,1,19.0%
Delta,Support activities for oil and gas operations,1,10.0%
Stonewall,Support activities for oil and gas operations,1,50.0%
Ector,Support activities for oil and gas operations,1,15.9%
Cameron,Full-service restaurants,1,4.4%
Maverick,Support activities for oil and gas operations,1,10.2%
Collin,Full-service restaurants,1,5.0%
Baylor,Drilling oil and gas wells,1,18.6%
Panola,Support activities for oil and gas operations,1,9.2%
Guadalupe,Construction equipment merchant wholesalers,1,12.1%
Bastrop,Full-service restaurants,1,4.7%
Austin,Support activities for oil and gas operations,1,10.3%
Andrews,Support activities for oil and gas operations,1,18.9%
Anderson,Support activities for oil and gas operations,1,9.5%
Blanco,Support activities for oil and gas operations,1,7.4%
DeWitt,Support activities for oil and gas operations,1,10.3%
Bandera,Oil and gas pipeline construction,1,5.5%
Bell,Limited-service restaurants,1,4.5%
Aransas,Full-service restaurants,1,4.8%
Archer,Support activities for oil and gas operations,1,6.9%
Armstrong,Drilling oil and gas wells,1,7.6%
Bee,Support activities for oil and gas operations,1,11.9%
Angelina,Full-service restaurants,1,5.4%
Bailey,Support activities for oil and gas operations,1,13.7%
Jefferson,Limited-service restaurants,1,5.5%
Frio,"Other specialized trucking, local",1,6.7%
Fannin,Limited-service restaurants,1,3.0%
Goliad,Support activities for oil and gas operations,1,13.8%
Loving,NA,1,NA
Cass,Support activities for oil and gas operations,1,7.5%
Fort Bend,Full-service restaurants,1,4.1%
Bosque,Support activities for oil and gas operations,1,6.5%
Hockley,Support activities for oil and gas operations,1,21.1%
San Saba,Industrial sand mining,1,5.7%
Kerr,Jewelry stores,1,7.9%
Mills,Drilling oil and gas wells,1,10.3%
Cooke,Motor vehicle seating and interior trim mfg.,1,23.6%
Wilbarger,Support activities for oil and gas operations,1,10.8%
Irion,Support activities for oil and gas operations,1,19.0%
Caldwell,Support activities for oil and gas operations,1,8.4%
Jim Hogg,Support activities for oil and gas operations,1,19.1%
Culberson,Support activities for oil and gas operations,1,12.4%
Upshur,Support activities for oil and gas operations,1,5.3%
Cherokee,Drilling oil and gas wells,1,6.5%
Denton,Full-service restaurants,1,4.8%
Concho,Scheduled passenger air transportation,1,8.7%
Randall,Full-service restaurants,1,5.5%
Kimble,"Hotels and motels, except casino hotels",1,10.3%
Knox,Support activities for oil and gas operations,1,30.6%
Polk,Oil and gas pipeline construction,1,3.4%
Hood,Full-service restaurants,1,4.6%
San Jacinto,Oil and gas pipeline construction,1,3.2%
Robertson,Support activities for oil and gas operations,1,5.3%
Wilson,Support activities for oil and gas operations,1,10.7%
Nolan,Support activities for rail transportation,1,10.5%
Cottle,Oil and gas pipeline construction,1,9.0%
Calhoun,Temporary help services,1,4.6%
Rockwall,Full-service restaurants,1,4.5%
Live Oak,Support activities for oil and gas operations,1,11.4%
Motley,Pipeline transportation of crude oil,1,50.0%
Sherman,"General freight trucking, long-distance LTL",1,42.9%
Ochiltree,Support activities for oil and gas operations,1,14.4%
Comal,Full-service restaurants,1,4.6%
Dallas,Full-service restaurants,2,4.2%
Howard,Other chemicals merchant wholesalers,2,4.2%
Foard,Commercial building construction,2,10.0%
Floyd,Support activities for oil and gas operations,2,7.1%
Brewster,Support activities for oil and gas operations,2,6.1%
Franklin,Support activities for oil and gas operations,2,4.4%
Hunt,Full-service restaurants,2,3.6%
Newton,Temporary help services,2,3.8%
Starr,Other grantmaking and giving services,2,8.2%
Kinney,Home health care services,2,8.7%
Collingsworth,Cotton ginning,2,4.7%
Tom Green,Collection agencies,2,6.4%
Coleman,Drilling oil and gas wells,2,8.9%
Brazoria,Full-service restaurants,2,4.0%
Leon,Nonresidential site preparation contractors,2,3.8%
Duval,Drilling oil and gas wells,2,6.9%
Lamb,Professional employer organizations,2,3.5%
Morris,Frozen specialty food manufacturing,2,4.1%
Smith,Full-service restaurants,2,3.9%
Jackson,Temporary help services,2,5.1%
Medina,Limited-service restaurants,2,3.9%
Wheeler,Oil and gas pipeline construction,2,6.4%
Dallam,Oil and gas pipeline construction,2,8.3%
Callahan,Support activities for oil and gas operations,2,5.5%
Lamar,Full-service restaurants,2,4.1%
Coryell,Limited-service restaurants,2,3.8%
Gaines,Crude Petroleum Extraction,2,9.7%
Kendall,General medical and surgical hospitals,2,2.6%
Nacogdoches,Full-service restaurants,2,4.1%
Milam,Limited-service restaurants,2,3.3%
Hays,Limited-service restaurants,2,3.2%
Willacy,Home health care services,2,4.2%
Johnson,Support activities for oil and gas operations,2,3.0%
Reagan,"Measuring, Disp & Other Pumping Equip Mfg",2,5.4%
Webb,"General freight trucking, long-distance TL",2,4.4%
Shackelford,Full-service restaurants,2,5.2%
Bowie,Limited-service restaurants,2,4.6%
Scurry,Full-service restaurants,2,5.8%
Kenedy,Power and communication system construction,2,33.3%
Somervell,Temporary help services,2,3.5%
Oldham,Nonresidential site preparation contractors,2,7.1%
Taylor,Industrial machinery merchant wholesalers,2,5.7%
King,NA,2,NA
Borden,Temporary help services,2,5.7%
Walker,Limited-service restaurants,2,5.3%
Stephens,"Manufactured home, mobile home, manufacturing",2,20.3%
Deaf Smith,Full-service restaurants,2,3.9%
Roberts,Other chemicals merchant wholesalers,2,16.7%
Tyler,Commercial machinery repair and maintenance,2,3.9%
Val Verde,Support activities for oil and gas operations,2,10.6%
Brown,Support activities for oil and gas operations,2,4.5%
Parker,Support activities for oil and gas operations,2,3.2%
Harris,Temporary help services,2,3.9%
Zapata,Other grantmaking and giving services,2,7.6%
Red River,Professional employer organizations,2,3.1%
Karnes,"Hotels and motels, except casino hotels",2,6.5%
Palo Pinto,Miscellaneous general purpose machinery mfg.,2,4.4%
Glasscock,Scheduled passenger air transportation,2,8.0%
Shelby,"Nursing care facilities, skilled nursing",2,4.3%
Wood,General medical and surgical hospitals,2,3.7%
Crosby,Residential masonry contractors,2,5.7%
Refugio,Child day care services,2,4.4%
Burnet,"Hotels and motels, except casino hotels",2,4.6%
Sterling,Support activities for oil and gas operations,2,15.8%
Montgomery,Scheduled passenger air transportation,2,2.8%
San Augustine,"Nursing care facilities, skilled nursing",2,6.0%
Rains,Plastics material and resin manufacturing,2,5.6%
Nueces,Limited-service restaurants,2,3.2%
Jack,Full-service restaurants,2,5.3%
Swisher,Cattle feedlots,2,5.0%
Camp,Support activities for oil and gas operations,2,5.0%
Brazos,Limited-service restaurants,2,4.3%
Orange,Limited-service restaurants,2,4.2%
Colorado,Scheduled passenger air transportation,2,5.2%
Pecos,Oil and gas pipeline construction,2,6.9%
Cochran,Support activities for oil and gas operations,2,9.0%
Parmer,Other animal food manufacturing,2,4.9%
Freestone,Oil and gas pipeline construction,2,4.1%
Winkler,Other heavy machinery rental and leasing,2,8.0%
Wichita,Full-service restaurants,2,5.8%
Gray,Air and gas compressor manufacturing,2,8.1%
Schleicher,Crude Petroleum Extraction,2,6.7%
Hardeman,Support activities for oil and gas operations,2,5.5%
Travis,Temporary help services,2,3.6%
Gillespie,Jewelry stores,2,3.0%
Yoakum,Crude Petroleum Extraction,2,11.1%
Fayette,Drilling oil and gas wells,2,3.5%
Uvalde,Elementary and secondary schools,2,4.5%
Grimes,Fabricated pipe and pipe fitting mfg.,2,7.9%
Van Zandt,Support activities for oil and gas operations,2,3.6%
Throckmorton,"Manufactured home, mobile home, manufacturing",2,14.3%
Falls,Poultry processing,2,4.3%
Grayson,Full-service restaurants,2,4.7%
Ellis,Temporary help services,2,4.0%
Hall,Power and communication system construction,2,6.1%
Dickens,Scheduled passenger air transportation,2,6.2%
Trinity,Child day care services,2,3.0%
Reeves,Gasoline stations with convenience stores,2,5.1%
Marion,Iron and steel mills and ferroalloy mfg.,2,5.6%
Terrell,Oil and gas pipeline construction,2,12.5%
Lynn,Crude Petroleum Extraction,2,4.2%
La Salle,Support activities for oil and gas operations,2,6.3%
Jasper,Limited-service restaurants,2,3.9%
Jones,Industrial machinery merchant wholesalers,2,7.9%
Castro,Drilling oil and gas wells,2,5.0%
Victoria,Full-service restaurants,2,4.4%
Kleberg,Full-service restaurants,2,6.6%
Briscoe,Drilling oil and gas wells,2,9.5%
Clay,Drilling oil and gas wells,2,7.9%
Matagorda,Oil and gas pipeline construction,2,5.5%
Brooks,Full-service restaurants,2,9.1%
Runnels,Full-service restaurants,2,5.5%
Carson,Support activities for oil and gas operations,2,6.1%
Liberty,Support activities for oil and gas operations,2,3.2%
Lee,Support activities for oil and gas operations,2,9.5%
Hale,Temporary help services,2,5.0%
Bexar,Temporary help services,2,3.7%
Garza,Crude Petroleum Extraction,2,6.0%
Montague,Motor vehicle seating and interior trim mfg.,2,7.8%
Upton,Industrial machinery merchant wholesalers,2,6.8%
Hamilton,Support activities for oil and gas operations,2,2.4%
Fisher,All other nonresidential trade contractors,2,6.7%
Dawson,Kaolin and ball clay mining,2,8.1%
Dimmit,Other grantmaking and giving services,2,6.6%
Limestone,Employment placement agencies,2,3.5%
Hutchinson,Plastics material and resin manufacturing,2,4.3%
Llano,Limited-service restaurants,2,4.1%
Presidio,Oil and gas pipeline construction,2,8.5%
Eastland,Limited-service restaurants,2,4.5%
Sabine,Support activities for oil and gas operations,2,3.2%
Wharton,Gasoline stations with convenience stores,2,3.6%
Rusk,Full-service restaurants,2,3.6%
Tarrant,Full-service restaurants,2,4.5%
Lavaca,Drilling oil and gas wells,2,6.2%
Childress,Support activities for oil and gas operations,2,9.4%
Hidalgo,Oil and gas pipeline construction,2,3.1%
Kaufman,Limited-service restaurants,2,2.9%
Moore,"General freight trucking, long-distance TL",2,4.8%
Menard,Support activities for oil and gas operations,2,5.0%
Edwards,Support activities for oil and gas operations,2,16.9%
San Patricio,"Executive and legislative offices, combined",2,6.0%
Terry,Crude Petroleum Extraction,2,8.0%
Crockett,Support activities for oil and gas operations,2,10.2%
Houston,Food service contractors,2,4.2%
Waller,Full-service restaurants,2,3.0%
Coke,Support activities for oil and gas operations,2,8.7%
Ward,Other heavy machinery rental and leasing,2,4.5%
Titus,Poultry processing,2,5.5%
Lampasas,Full-service restaurants,2,4.8%
Haskell,Other petroleum merchant wholesalers,2,5.2%
Martin,Oil and gas pipeline construction,2,5.6%
Atascosa,Full-service restaurants,2,2.8%
Hemphill,Support activities for oil and gas operations,2,10.5%
Hartley,Drilling oil and gas wells,2,5.6%
Young,"Other aluminum rolling, drawing and extruding",2,8.6%
Burleson,Full-service restaurants,2,3.9%
Hardin,Limited-service restaurants,2,4.4%
Gonzales,Construction equipment merchant wholesalers,2,5.6%
McMullen,Other gasoline stations,2,15.4%
Erath,Food service contractors,2,4.6%
Galveston,Limited-service restaurants,2,2.5%
Hopkins,Temporary help services,2,4.2%
McLennan,Full-service restaurants,2,5.0%
Madison,Mushroom production,2,4.4%
McCulloch,Industrial sand mining,2,7.7%
Donley,Support activities for oil and gas operations,2,9.5%
Kent,Other petroleum merchant wholesalers,2,33.3%
Real,Full-service restaurants,2,7.7%
Sutton,Temporary help services,2,9.5%
Midland,Full-service restaurants,2,3.2%
Hudspeth,Temporary help services,2,8.0%
Zavala,Support activities for oil and gas operations,2,7.1%
Harrison,Full-service restaurants,2,3.9%
Comanche,Support activities for oil and gas operations,2,4.1%
Mitchell,Crude Petroleum Extraction,2,4.9%
Navarro,Temporary help services,2,4.7%
Crane,Crude Petroleum Extraction,2,3.5%
Lubbock,School and employee bus transportation,2,5.8%
Wise,Support activities for oil and gas operations,2,6.4%
Washington,"Gasket, packing, and sealing device mfg.",2,2.5%
Jeff Davis,Support activities for oil and gas operations,2,10.0%
El Paso,Temporary help services,2,4.1%
Gregg,Full-service restaurants,2,3.5%
Williamson,Limited-service restaurants,2,3.0%
Lipscomb,Payroll services,2,7.7%
Mason,Elementary and secondary schools,2,8.5%
Henderson,Food service contractors,2,3.3%
Hansford,Payroll services,2,6.2%
Chambers,Industrial building construction,2,3.7%
Hill,Limited-service restaurants,2,3.7%
Potter,Full-service restaurants,2,4.9%
Jim Wells,Industrial building construction,2,3.4%
Delta,Scheduled passenger air transportation,2,5.2%
Stonewall,Crude Petroleum Extraction,2,8.3%
Ector,Industrial machinery merchant wholesalers,2,3.4%
Cameron,Temporary help services,2,3.4%
Maverick,Elementary and secondary schools,2,6.2%
Collin,Temporary help services,2,3.0%
Baylor,Support activities for oil and gas operations,2,13.7%
Panola,Polystyrene foam product manufacturing,2,5.8%
Guadalupe,Motor vehicle electric equipment mfg.,2,7.7%
Bastrop,"Hotels and motels, except casino hotels",2,2.2%
Austin,Oil and gas pipeline construction,2,4.1%
Andrews,Scheduled passenger air transportation,2,3.7%
Anderson,Poultry processing,2,7.3%
Blanco,Drilling oil and gas wells,2,4.7%
DeWitt,Drilling oil and gas wells,2,5.3%
Bandera,Support activities for oil and gas operations,2,5.2%
Bell,Full-service restaurants,2,4.5%
Aransas,Support activities for oil and gas operations,2,4.2%
Archer,Drilling oil and gas wells,2,5.0%
Armstrong,Support activities for oil and gas operations,2,7.1%
Bee,Oil and gas pipeline construction,2,3.8%
Angelina,"Manufactured home, mobile home, manufacturing",2,3.9%
Bailey,Drilling oil and gas wells,2,4.8%
Jefferson,Full-service restaurants,2,4.3%
Frio,Support activities for oil and gas operations,2,5.9%
Fannin,Plate work manufacturing,2,2.8%
Goliad,Full-service restaurants,2,3.8%
Loving,NA,2,NA
Cass,Iron and steel mills and ferroalloy mfg.,2,6.3%
Fort Bend,Support activities for oil and gas operations,2,3.4%
Bosque,Drilling oil and gas wells,2,5.8%
Hockley,Crude Petroleum Extraction,2,6.2%
San Saba,Drilling oil and gas wells,2,3.8%
Kerr,Full-service restaurants,2,6.9%
Mills,"Animal, except poultry, slaughtering",2,10.3%
Cooke,Support activities for oil and gas operations,2,5.5%
Wilbarger,Meat processed from carcasses,2,6.5%
Irion,Offices of other holding companies,2,9.5%
Caldwell,Drilling oil and gas wells,2,3.8%
Jim Hogg,Elementary and secondary schools,2,5.6%
Culberson,Drilling oil and gas wells,2,6.9%
Upshur,Iron and steel mills and ferroalloy mfg.,2,3.7%
Cherokee,Support activities for oil and gas operations,2,4.9%
Denton,Temporary help services,2,3.3%
Concho,Support activities for oil and gas operations,2,8.0%
Randall,Limited-service restaurants,2,3.6%
Kimble,Full-service restaurants,2,10.3%
Knox,Temporary help services,2,5.6%
Polk,Limited-service restaurants,2,2.5%
Hood,Support activities for oil and gas operations,2,3.9%
San Jacinto,Limited-service restaurants,2,2.3%
Robertson,Temporary help services,2,4.8%
Wilson,Temporary help services,2,4.2%
Nolan,Support activities for oil and gas operations,2,10.0%
Cottle,Drilling oil and gas wells,2,5.8%
Calhoun,Full-service restaurants,2,4.6%
Rockwall,Limited-service restaurants,2,3.2%
Live Oak,Industrial building construction,2,5.0%
Motley,Full-service restaurants,2,50.0%
Sherman,Cattle feedlots,2,14.3%
Ochiltree,Drilling oil and gas wells,2,8.2%
Comal,Food service contractors,2,4.3%
Dallas,Limited-service restaurants,3,2.7%
Howard,General medical and surgical hospitals,3,4.2%
Foard,Oil and gas pipeline construction,3,10.0%
Floyd,Other nonresidential equipment contractors,3,4.7%
Brewster,Drilling oil and gas wells,3,5.2%
Franklin,Gasoline stations with convenience stores,3,3.5%
Hunt,Industrial machinery merchant wholesalers,3,3.4%
Newton,Industrial building construction,3,3.3%
Starr,Support activities for oil and gas operations,3,5.9%
Kinney,Water supply and irrigation systems,3,4.3%
Collingsworth,Drilling oil and gas wells,3,3.1%
Tom Green,Full-service restaurants,3,4.7%
Coleman,Industrial machinery merchant wholesalers,3,4.2%
Brazoria,Industrial building construction,3,3.2%
Leon,Limited-service restaurants,3,3.8%
Duval,Elementary and secondary schools,3,4.3%
Lamb,Commercial machinery repair and maintenance,3,3.5%
Morris,Support activities for oil and gas operations,3,3.4%
Smith,Limited-service restaurants,3,3.8%
Jackson,Oil and gas pipeline construction,3,4.0%
Medina,Elementary and secondary schools,3,3.6%
Wheeler,"Other specialized trucking, local",3,4.3%
Dallam,Drilling oil and gas wells,3,7.0%
Callahan,Scheduled passenger air transportation,3,4.4%
Lamar,"Nursing care facilities, skilled nursing",3,4.0%
Coryell,Elementary and secondary schools,3,3.0%
Gaines,Gasoline stations with convenience stores,3,3.2%
Kendall,Jewelry stores,3,2.2%
Nacogdoches,Food service contractors,3,3.9%
Milam,Industrial building construction,3,3.0%
Hays,Colleges and universities,3,2.6%
Willacy,Elementary and secondary schools,3,3.7%
Johnson,Oil and gas field machinery and equipment,3,2.8%
Reagan,Water and sewer system construction,3,4.3%
Webb,Elementary and secondary schools,3,4.1%
Shackelford,Natural Gas Extraction,3,3.4%
Bowie,General medical and surgical hospitals,3,3.1%
Scurry,Food service contractors,3,4.5%
Kenedy,Full-service restaurants,3,33.3%
Somervell,Support activities for oil and gas operations,3,2.7%
Oldham,"Animal, except poultry, slaughtering",3,7.1%
Taylor,Limited-service restaurants,3,4.8%
King,NA,3,NA
Borden,Scheduled passenger air transportation,3,5.3%
Walker,Correctional institutions,3,2.8%
Stephens,Support activities for oil and gas operations,3,7.6%
Deaf Smith,Oil and gas pipeline construction,3,3.3%
Roberts,"Data processing, hosting and related services",3,16.7%
Tyler,Limited-service restaurants,3,3.2%
Val Verde,Drilling oil and gas wells,3,4.5%
Brown,Drilling oil and gas wells,3,3.5%
Parker,Elementary and secondary schools,3,2.1%
Harris,Limited-service restaurants,3,2.7%
Zapata,Drilling oil and gas wells,3,4.2%
Red River,Home health care services,3,2.5%
Karnes,Solid waste landfill,3,5.7%
Palo Pinto,Support activities for oil and gas operations,3,4.2%
Glasscock,Support activities for oil and gas operations,3,6.0%
Shelby,Support activities for oil and gas operations,3,3.2%
Wood,Support activities for oil and gas operations,3,3.5%
Crosby,Oil and gas pipeline construction,3,3.8%
Refugio,Full-service restaurants,3,4.4%
Burnet,Support activities for oil and gas operations,3,2.3%
Sterling,Professional employer organizations,3,15.8%
Montgomery,Support activities for oil and gas operations,3,2.4%
San Augustine,Poultry processing,3,5.1%
Rains,Elementary and secondary schools,3,3.7%
Nueces,Support activities for oil and gas operations,3,3.0%
Jack,Crude Petroleum Extraction,3,3.5%
Swisher,Other nonresidential exterior contractors,3,5.0%
Camp,Oil and gas pipeline construction,3,3.8%
Brazos,Food service contractors,3,4.2%
Orange,Full-service restaurants,3,3.1%
Colorado,Temporary help services,3,3.6%
Pecos,Full-service restaurants,3,3.4%
Cochran,Industrial building construction,3,4.7%
Parmer,Commercial machinery repair and maintenance,3,4.9%
Freestone,Gasoline stations with convenience stores,3,3.4%
Winkler,"Other specialized trucking, local",3,4.7%
Wichita,School and employee bus transportation,3,4.4%
Gray,Drilling oil and gas wells,3,4.1%
Schleicher,Drilling oil and gas wells,3,6.7%
Hardeman,Power and communication system construction,3,3.6%
Travis,Limited-service restaurants,3,3.0%
Gillespie,Limited-service restaurants,3,3.0%
Yoakum,Oil and gas field machinery and equipment,3,3.0%
Fayette,Oil and gas pipeline construction,3,3.5%
Uvalde,Full-service restaurants,3,3.9%
Grimes,Temporary help services,3,2.1%
Van Zandt,Other miscellaneous chemical product mfg.,3,3.1%
Throckmorton,Oil and gas pipeline construction,3,7.1%
Falls,Oil and gas pipeline construction,3,3.8%
Grayson,Frozen specialty food manufacturing,3,3.8%
Ellis,Limited-service restaurants,3,2.8%
Hall,Nonresidential electrical contractors,3,6.1%
Dickens,Full-service restaurants,3,4.9%
Trinity,Food service contractors,3,2.5%
Reeves,Oil and gas pipeline construction,3,3.7%
Marion,Home health care services,3,3.7%
Terrell,New car dealers,3,12.5%
Lynn,Full-service restaurants,3,4.2%
La Salle,Oil and gas pipeline construction,3,3.9%
Jasper,Industrial building construction,3,3.2%
Jones,Food service contractors,3,3.4%
Castro,Oil and gas pipeline construction,3,5.0%
Victoria,Limited-service restaurants,3,3.0%
Kleberg,Industrial building construction,3,5.1%
Briscoe,Oil and gas pipeline construction,3,6.3%
Clay,Oil and gas pipeline construction,3,6.5%
Matagorda,Industrial building construction,3,4.3%
Brooks,Drilling oil and gas wells,3,3.9%
Runnels,"Drinking places, alcoholic beverages",3,4.4%
Carson,Industrial building construction,3,4.5%
Liberty,Plate work manufacturing,3,3.1%
Lee,Limited-service restaurants,3,4.1%
Hale,Full-service restaurants,3,4.5%
Bexar,Limited-service restaurants,3,3.6%
Garza,Nonresidential site preparation contractors,3,6.0%
Montague,General medical and surgical hospitals,3,5.1%
Upton,Gasoline stations with convenience stores,3,4.5%
Hamilton,Nonresidential electrical contractors,3,2.4%
Fisher,Limited-service restaurants,3,5.6%
Dawson,Drilling oil and gas wells,3,6.2%
Dimmit,Drilling oil and gas wells,3,5.1%
Limestone,Support activities for oil and gas operations,3,2.8%
Hutchinson,Warehouse Clubs and Supercenters,3,3.9%
Llano,Full-service restaurants,3,3.7%
Presidio,Full-service restaurants,3,4.2%
Eastland,Food service contractors,3,3.7%
Sabine,Oil and gas pipeline construction,3,2.5%
Wharton,Full-service restaurants,3,3.6%
Rusk,Oil and gas pipeline construction,3,3.0%
Tarrant,Limited-service restaurants,3,2.9%
Lavaca,Meat processed from carcasses,3,5.1%
Childress,Limited-service restaurants,3,4.7%
Hidalgo,Full-service restaurants,3,3.0%
Kaufman,Temporary help services,3,2.7%
Moore,Elementary and secondary schools,3,3.7%
Menard,Residential masonry contractors,3,5.0%
Edwards,Oil and gas pipeline construction,3,7.7%
San Patricio,Full-service restaurants,3,4.8%
Terry,Kaolin and ball clay mining,3,2.5%
Crockett,Drilling oil and gas wells,3,4.1%
Houston,Support activities for rail transportation,3,3.8%
Waller,Temporary help services,3,2.7%
Coke,Oil and gas pipeline construction,3,4.9%
Ward,Oil and gas pipeline construction,3,3.2%
Titus,Travel trailer and camper manufacturing,3,4.8%
Lampasas,Limited-service restaurants,3,4.8%
Haskell,Gasoline stations with convenience stores,3,5.2%
Martin,"General freight trucking, local",3,4.2%
Atascosa,Temporary help services,3,2.6%
Hemphill,Drilling oil and gas wells,3,5.3%
Hartley,Support activities for oil and gas operations,3,5.6%
Young,Limited-service restaurants,3,3.2%
Burleson,Scheduled passenger air transportation,3,3.2%
Hardin,Full-service restaurants,3,3.7%
Gonzales,Temporary help services,3,4.0%
McMullen,Security guards and patrol services,3,15.4%
Erath,Abrasive product manufacturing,3,3.9%
Galveston,Elementary and secondary schools,3,2.2%
Hopkins,Limited-service restaurants,3,3.5%
McLennan,Limited-service restaurants,3,4.6%
Madison,Support activities for oil and gas operations,3,4.4%
McCulloch,Support activities for oil and gas operations,3,4.4%
Donley,Oil and gas pipeline construction,3,8.3%
Kent,Office administrative services,3,11.1%
Real,Natural Gas Extraction,3,3.8%
Sutton,Drilling oil and gas wells,3,7.1%
Midland,Oil and gas field machinery and equipment,3,2.8%
Hudspeth,Full-service restaurants,3,4.5%
Zavala,Employment placement agencies,3,6.4%
Harrison,Temporary help services,3,3.8%
Comanche,Limited-service restaurants,3,4.1%
Mitchell,Drilling oil and gas wells,3,2.9%
Navarro,Full-service restaurants,3,4.4%
Crane,Scheduled passenger air transportation,3,3.5%
Lubbock,Limited-service restaurants,3,4.4%
Wise,Full-service restaurants,3,2.5%
Washington,Full-service restaurants,3,2.5%
Jeff Davis,Oil and gas pipeline construction,3,10.0%
El Paso,Support activities for oil and gas operations,3,3.4%
Gregg,Temporary help services,3,3.0%
Williamson,Temporary help services,3,2.7%
Lipscomb,Industrial building construction,3,3.8%
Mason,Full-service restaurants,3,6.4%
Henderson,Full-service restaurants,3,3.3%
Hansford,All other professional and technical services,3,6.2%
Chambers,Full-service restaurants,3,3.3%
Hill,Industrial machinery merchant wholesalers,3,3.2%
Potter,Limited-service restaurants,3,3.8%
Jim Wells,Home health care services,3,3.4%
Delta,Drilling oil and gas wells,3,4.3%
Stonewall,Other miscellaneous chemical product mfg.,3,8.3%
Ector,Oil and gas pipeline construction,3,2.7%
Cameron,Elementary and secondary schools,3,3.4%
Maverick,"Casinos, except casino hotels",3,5.5%
Collin,Limited-service restaurants,3,2.6%
Baylor,Oil and gas pipeline construction,3,6.2%
Panola,Oil and gas pipeline construction,3,5.3%
Guadalupe,Temporary help services,3,5.7%
Bastrop,Temporary help services,3,2.1%
Austin,Full-service restaurants,3,3.0%
Andrews,Oil and gas pipeline construction,3,2.9%
Anderson,Drilling oil and gas wells,3,3.2%
Blanco,Scheduled passenger air transportation,3,4.7%
DeWitt,Oil and gas pipeline construction,3,4.0%
Bandera,"Hotels and motels, except casino hotels",3,3.1%
Bell,Computer systems design services,3,3.8%
Aransas,Industrial building construction,3,3.1%
Archer,Aircraft engine and engine parts mfg.,3,4.2%
Armstrong,Temporary help services,3,6.1%
Bee,Industrial building construction,3,3.6%
Angelina,General medical and surgical hospitals,3,3.9%
Bailey,Full-service restaurants,3,4.1%
Jefferson,Temporary help services,3,3.0%
Frio,Child day care services,3,3.6%
Fannin,Temporary help services,3,2.8%
Goliad,Elementary and secondary schools,3,3.1%
Loving,NA,3,NA
Cass,School and employee bus transportation,3,3.3%
Fort Bend,Temporary help services,3,2.7%
Bosque,Scheduled passenger air transportation,3,4.3%
Hockley,Elementary and secondary schools,3,3.7%
San Saba,Support activities for oil and gas operations,3,3.8%
Kerr,"Hotels and motels, except casino hotels",3,2.5%
Mills,Support activities for oil and gas operations,3,6.9%
Cooke,Other aircraft parts and equipment,3,3.5%
Wilbarger,Drilling oil and gas wells,3,5.4%
Irion,Collection agencies,3,9.5%
Caldwell,Construction equipment merchant wholesalers,3,2.4%
Jim Hogg,Home health care services,3,4.5%
Culberson,Scheduled passenger air transportation,3,5.6%
Upshur,General medical and surgical hospitals,3,3.2%
Cherokee,Department Stores,3,4.3%
Denton,Limited-service restaurants,3,2.3%
Concho,Oil and gas pipeline construction,3,5.3%
Randall,"Animal, except poultry, slaughtering",3,3.3%
Kimble,Gasoline stations with convenience stores,3,6.9%
Knox,"Soil preparation, planting, and cultivating",3,2.8%
Polk,Food service contractors,3,2.4%
Hood,General medical and surgical hospitals,3,2.7%
San Jacinto,Elementary and secondary schools,3,2.2%
Robertson,Home health care services,3,3.5%
Wilson,Construction equipment merchant wholesalers,3,3.1%
Nolan,Gasoline stations with convenience stores,3,6.3%
Cottle,Full-service restaurants,3,5.8%
Calhoun,Industrial building construction,3,3.7%
Rockwall,Elementary and secondary schools,3,2.5%
Live Oak,Full-service restaurants,3,4.5%
Motley,NA,3,NA
Sherman,Hog and pig farming,3,14.3%
Ochiltree,Testing laboratories,3,8.2%
Comal,Construction equipment merchant wholesalers,3,3.2%
Dallas,Elementary and secondary schools,4,2.0%
Howard,Limited-service restaurants,4,4.2%
Foard,Kaolin and ball clay mining,4,5.0%
Floyd,Temporary help services,4,3.9%
Brewster,"Hotels and motels, except casino hotels",4,5.2%
Franklin,Drilling oil and gas wells,4,2.6%
Hunt,Limited-service restaurants,4,2.4%
Newton,Commercial machinery repair and maintenance,4,3.3%
Starr,Industrial building construction,4,5.0%
Kinney,Oil and gas pipeline construction,4,4.3%
Collingsworth,"Executive and legislative offices, combined",4,3.1%
Tom Green,Temporary help services,4,2.7%
Coleman,Oil and gas pipeline construction,4,2.6%
Brazoria,Limited-service restaurants,4,2.9%
Leon,Drilling oil and gas wells,4,2.7%
Duval,Home health care services,4,3.7%
Lamb,Cotton ginning,4,2.7%
Morris,Limited-service restaurants,4,3.0%
Smith,Support activities for oil and gas operations,4,3.7%
Jackson,Other gasoline stations,4,3.5%
Medina,Full-service restaurants,4,3.3%
Wheeler,"Nursing care facilities, skilled nursing",4,4.3%
Dallam,Scheduled passenger air transportation,4,3.2%
Callahan,Oil and gas pipeline construction,4,3.5%
Lamar,Telemarketing and other contact centers,4,3.0%
Coryell,Support activities for oil and gas operations,4,2.9%
Gaines,Industrial machinery merchant wholesalers,4,2.4%
Kendall,Support activities for oil and gas operations,4,2.0%
Nacogdoches,Limited-service restaurants,4,3.9%
Milam,Temporary help services,4,3.0%
Hays,Elementary and secondary schools,4,2.2%
Willacy,Temporary help services,4,3.1%
Johnson,Limited-service restaurants,4,2.5%
Reagan,"General freight trucking, long-distance LTL",4,4.3%
Webb,Freight transportation arrangement,4,3.6%
Shackelford,Drilling oil and gas wells,4,3.4%
Bowie,Industrial paper merchant wholesalers,4,2.6%
Scurry,Elementary and secondary schools,4,3.5%
Kenedy,NA,4,NA
Somervell,Oil and gas pipeline construction,4,2.7%
Oldham,Grain and field bean merchant wholesalers,4,7.1%
Taylor,Support activities for oil and gas operations,4,2.7%
King,NA,4,NA
Borden,Support activities for oil and gas operations,4,4.4%
Walker,Colleges and universities,4,2.6%
Stephens,Civic and social organizations,4,2.9%
Deaf Smith,Industrial building construction,4,2.8%
Roberts,Offices of other holding companies,4,16.7%
Tyler,Support activities for oil and gas operations,4,2.9%
Val Verde,General medical and surgical hospitals,4,4.1%
Brown,Professional employer organizations,4,3.0%
Parker,Temporary help services,4,2.1%
Harris,Elementary and secondary schools,4,1.6%
Zapata,Other heavy machinery rental and leasing,4,3.8%
Red River,General medical and surgical hospitals,4,2.5%
Karnes,Full-service restaurants,4,4.5%
Palo Pinto,Temporary help services,4,3.8%
Glasscock,Professional employer organizations,4,6.0%
Shelby,Drilling oil and gas wells,4,2.9%
Wood,Limited-service restaurants,4,2.8%
Crosby,Cotton ginning,4,2.8%
Refugio,Oil and gas pipeline construction,4,3.5%
Burnet,Limited-service restaurants,4,2.1%
Sterling,Residential remodelers,4,5.3%
Montgomery,Limited-service restaurants,4,2.3%
San Augustine,Full-service restaurants,4,3.4%
Rains,Industrial machinery merchant wholesalers,4,2.5%
Nueces,Industrial building construction,4,2.8%
Jack,"Nursing care facilities, skilled nursing",4,3.5%
Swisher,"Animal, except poultry, slaughtering",4,5.0%
Camp,General medical and surgical hospitals,4,3.8%
Brazos,Colleges and universities,4,3.9%
Orange,Industrial building construction,4,2.9%
Colorado,Oil and gas pipeline construction,4,2.8%
Pecos,Gasoline stations with convenience stores,4,2.6%
Cochran,Oil and gas pipeline construction,4,4.3%
Parmer,Cattle feedlots,4,2.4%
Freestone,"Nursing care facilities, skilled nursing",4,3.4%
Winkler,Oil and gas pipeline construction,4,3.3%
Wichita,Limited-service restaurants,4,3.3%
Gray,Full-service restaurants,4,2.4%
Schleicher,Gasoline stations with convenience stores,4,3.3%
Hardeman,Other heavy construction,4,3.6%
Travis,"Hotels and motels, except casino hotels",4,2.4%
Gillespie,"Gift, novelty, and souvenir stores",4,2.6%
Yoakum,Engineering services,4,3.0%
Fayette,Full-service restaurants,4,3.2%
Uvalde,Limited-service restaurants,4,3.9%
Grimes,Iron and steel forging,4,1.7%
Van Zandt,Drilling oil and gas wells,4,2.5%
Throckmorton,Miscellaneous general purpose machinery mfg.,4,7.1%
Falls,"Bolt, nut, screw, rivet, and washer mfg.",4,2.9%
Grayson,Motor vehicle seating and interior trim mfg.,4,3.4%
Ellis,Elementary and secondary schools,4,2.4%
Hall,Assisted living facilities for the elderly,4,6.1%
Dickens,Drilling oil and gas wells,4,2.5%
Trinity,Limited-service restaurants,4,2.5%
Reeves,Power and communication system construction,4,3.7%
Marion,Warehouse Clubs and Supercenters,4,2.5%
Terrell,Professional employer organizations,4,12.5%
Lynn,Other chemicals merchant wholesalers,4,2.8%
La Salle,Professional employer organizations,4,3.9%
Jasper,Temporary help services,4,2.5%
Jones,Drilling oil and gas wells,4,2.8%
Castro,Scheduled passenger air transportation,4,3.1%
Victoria,Temporary help services,4,2.5%
Kleberg,Limited-service restaurants,4,4.2%
Briscoe,Temporary help services,4,3.2%
Clay,Aircraft engine and engine parts mfg.,4,4.2%
Matagorda,Temporary help services,4,3.7%
Brooks,Food service contractors,4,3.3%
Runnels,Industrial machinery merchant wholesalers,4,3.3%
Carson,Commercial machinery repair and maintenance,4,4.0%
Liberty,Limited-service restaurants,4,2.7%
Lee,Child day care services,4,3.0%
Hale,Support activities for oil and gas operations,4,3.2%
Bexar,"Hotels and motels, except casino hotels",4,2.0%
Garza,Child day care services,4,4.8%
Montague,Drilling oil and gas wells,4,4.1%
Upton,All other professional and technical services,4,4.5%
Hamilton,Frozen specialty food manufacturing,4,2.4%
Fisher,Gypsum product manufacturing,4,3.3%
Dawson,Commercial machinery repair and maintenance,4,5.0%
Dimmit,Crude Petroleum Extraction,4,3.7%
Limestone,Poultry processing,4,2.1%
Hutchinson,Support activities for oil and gas operations,4,3.5%
Llano,Oil and gas pipeline construction,4,3.2%
Presidio,Other nonresidential equipment contractors,4,3.7%
Eastland,Oil and gas pipeline construction,4,3.4%
Sabine,Nonresidential site preparation contractors,4,2.5%
Wharton,Limited-service restaurants,4,3.2%
Rusk,Industrial building construction,4,2.5%
Tarrant,Scheduled passenger air transportation,4,2.5%
Lavaca,Temporary help services,4,5.1%
Childress,Cotton ginning,4,2.4%
Hidalgo,Temporary help services,4,2.8%
Kaufman,Elementary and secondary schools,4,2.0%
Moore,Oil and gas pipeline construction,4,3.2%
Menard,"Cyclic crude, intermediate, wood chemical mfg",4,5.0%
Edwards,Crude Petroleum Extraction,4,3.1%
San Patricio,Support activities for oil and gas operations,4,3.4%
Terry,Temporary help services,4,2.5%
Crockett,Industrial building construction,4,4.1%
Houston,Child day care services,4,3.4%
Waller,Colleges and universities,4,2.5%
Coke,Drilling oil and gas wells,4,3.4%
Ward,"Other specialized trucking, local",4,2.5%
Titus,General medical and surgical hospitals,4,4.2%
Lampasas,Rubber product mfg. for mechanical use,4,2.9%
Haskell,Limited-service restaurants,4,5.2%
Martin,Limited-service restaurants,4,4.2%
Atascosa,Limited-service restaurants,4,2.2%
Hemphill,Water supply and irrigation systems,4,5.3%
Hartley,Residential electrical contractors,4,5.6%
Young,"Nursing care facilities, skilled nursing",4,2.7%
Burleson,Temporary help services,4,2.4%
Hardin,Elementary and secondary schools,4,3.2%
Gonzales,Motor vehicle electric equipment mfg.,4,3.1%
McMullen,Industrial building construction,4,7.7%
Erath,Support activities for oil and gas operations,4,3.8%
Galveston,Temporary help services,4,2.1%
Hopkins,Support activities for oil and gas operations,4,2.7%
McLennan,School and employee bus transportation,4,4.3%
Madison,Oil and gas pipeline construction,4,3.9%
McCulloch,Marketing consulting services,4,3.3%
Donley,Food service contractors,4,8.3%
Kent,NA,4,NA
Real,Support activities for oil and gas operations,4,3.8%
Sutton,Gasoline stations with convenience stores,4,4.8%
Midland,Crude Petroleum Extraction,4,2.6%
Hudspeth,"Other specialized trucking, long-distance",4,3.4%
Zavala,Elementary and secondary schools,4,5.0%
Harrison,Limited-service restaurants,4,2.8%
Comanche,Power and communication system construction,4,2.9%
Mitchell,Gasoline stations with convenience stores,4,2.9%
Navarro,Limited-service restaurants,4,3.1%
Crane,Oil and gas pipeline construction,4,3.1%
Lubbock,Support activities for oil and gas operations,4,3.8%
Wise,Limited-service restaurants,4,2.1%
Washington,Temporary help services,4,2.2%
Jeff Davis,Veterinary services,4,10.0%
El Paso,Limited-service restaurants,4,2.7%
Gregg,Limited-service restaurants,4,2.7%
Williamson,"Offices of physicians, except mental health",4,2.2%
Lipscomb,"Animal, except poultry, slaughtering",4,3.8%
Mason,Crude Petroleum Extraction,4,4.3%
Henderson,Oil and gas pipeline construction,4,3.0%
Hansford,"Crop harvesting, primarily by machine",4,3.1%
Chambers,Limited-service restaurants,4,3.3%
Hill,Temporary help services,4,3.0%
Potter,General medical and surgical hospitals,4,2.2%
Jim Wells,Limited-service restaurants,4,2.6%
Delta,Plastics material and resin manufacturing,4,3.8%
Stonewall,Industrial machinery merchant wholesalers,4,8.3%
Ector,Oil and gas field machinery and equipment,4,2.6%
Cameron,Home health care services,4,2.8%
Maverick,Other grantmaking and giving services,4,5.0%
Collin,Elementary and secondary schools,4,2.1%
Baylor,Commercial building construction,4,1.9%
Panola,Limited-service restaurants,4,3.4%
Guadalupe,Full-service restaurants,4,2.8%
Bastrop,Drilling oil and gas wells,4,1.8%
Austin,Drilling oil and gas wells,4,2.5%
Andrews,Full-service restaurants,4,2.9%
Anderson,Support activities for rail transportation,4,3.2%
Blanco,Poultry processing,4,2.9%
DeWitt,"Other specialized trucking, local",4,3.8%
Bandera,Full-service restaurants,4,2.2%
Bell,Temporary help services,4,3.6%
Aransas,"Hotels and motels, except casino hotels",4,2.9%
Archer,Oil and gas pipeline construction,4,3.8%
Armstrong,Scheduled passenger air transportation,4,4.6%
Bee,Drilling oil and gas wells,4,2.3%
Angelina,Poultry processing,4,3.6%
Bailey,Oil and gas pipeline construction,4,3.8%
Jefferson,All other nonresidential trade contractors,4,2.8%
Frio,Elementary and secondary schools,4,3.4%
Fannin,Drilling oil and gas wells,4,2.6%
Goliad,Crude Petroleum Extraction,4,2.3%
Loving,NA,4,NA
Cass,Oil and gas pipeline construction,4,3.1%
Fort Bend,Limited-service restaurants,4,2.2%
Bosque,Temporary help services,4,3.4%
Hockley,Drilling oil and gas wells,4,2.2%
San Saba,"Nursing care facilities, skilled nursing",4,3.8%
Kerr,Home health care services,4,2.3%
Mills,Other postharvest crop activities,4,3.4%
Cooke,Full-service restaurants,4,2.7%
Wilbarger,Food service contractors,4,4.3%
Irion,"Drinking places, alcoholic beverages",4,9.5%
Caldwell,Full-service restaurants,4,2.4%
Jim Hogg,Gasoline stations with convenience stores,4,3.4%
Culberson,Oil and gas pipeline construction,4,4.3%
Upshur,Full-service restaurants,4,2.8%
Cherokee,Oil and gas pipeline construction,4,3.4%
Denton,Scheduled passenger air transportation,4,2.1%
Concho,Industrial building construction,4,4.7%
Randall,General medical and surgical hospitals,4,2.7%
Kimble,Drilling oil and gas wells,4,3.4%
Knox,Crude Petroleum Extraction,4,2.8%
Polk,Full-service restaurants,4,2.1%
Hood,Limited-service restaurants,4,2.5%
San Jacinto,Professional employer organizations,4,1.6%
Robertson,General medical and surgical hospitals,4,3.5%
Wilson,Elementary and secondary schools,4,2.4%
Nolan,"Hotels and motels, except casino hotels",4,3.7%
Cottle,Support activities for oil and gas operations,4,4.5%
Calhoun,Support activities for oil and gas operations,4,3.2%
Rockwall,Temporary help services,4,1.8%
Live Oak,Professional employer organizations,4,3.5%
Motley,NA,4,NA
Sherman,Drilling oil and gas wells,4,14.3%
Ochiltree,Rubber product mfg. for mechanical use,4,7.2%
Comal,Limited-service restaurants,4,2.8%
Dallas,"Hotels and motels, except casino hotels",5,1.8%
Howard,"Hotels and motels, except casino hotels",5,3.3%
Foard,Land subdivision,5,5.0%
Floyd,Office administrative services,5,3.1%
Brewster,Full-service restaurants,5,3.1%
Franklin,Oil and gas field machinery and equipment,5,2.6%
Hunt,Temporary help services,5,2.2%
Newton,Commercial building construction,5,2.8%
Starr,Home health care services,5,4.5%
Kinney,Power and communication system construction,5,4.3%
Collingsworth,Support activities for forestry,5,1.6%
Tom Green,Drilling oil and gas wells,5,2.5%
Coleman,Scheduled passenger air transportation,5,2.6%
Brazoria,Temporary help services,5,2.3%
Leon,"Cafeterias, grill buffets, and buffets",5,2.7%
Duval,"General freight trucking, long-distance TL",5,2.7%
Lamb,Industrial building construction,5,2.7%
Morris,Poultry processing,5,2.6%
Smith,General medical and surgical hospitals,5,3.6%
Jackson,Limited-service restaurants,5,3.5%
Medina,Temporary help services,5,2.0%
Wheeler,Cattle feedlots,5,2.1%
Dallam,Full-service restaurants,5,3.2%
Callahan,Full-service restaurants,5,3.0%
Lamar,Commercial building construction,5,2.5%
Coryell,Temporary help services,5,2.6%
Gaines,Scheduled passenger air transportation,5,2.4%
Kendall,Other aircraft parts and equipment,5,2.0%
Nacogdoches,Warehouse Clubs and Supercenters,5,2.9%
Milam,"Laminated plastics plate, sheet, and shapes",5,2.3%
Hays,"Hotels and motels, except casino hotels",5,2.0%
Willacy,Cotton ginning,5,2.8%
Johnson,Temporary help services,5,2.3%
Reagan,"General freight trucking, local",5,3.2%
Webb,Full-service restaurants,5,3.3%
Shackelford,Elementary and secondary schools,5,3.4%
Bowie,Elementary and secondary schools,5,2.4%
Scurry,Crude Petroleum Extraction,5,2.9%
Kenedy,NA,5,NA
Somervell,Industrial machinery merchant wholesalers,5,2.7%
Oldham,"Other specialized trucking, local",5,7.1%
Taylor,General medical and surgical hospitals,5,2.0%
King,NA,5,NA
Borden,Full-service restaurants,5,4.4%
Walker,Food service contractors,5,2.4%
Stephens,Temporary help services,5,2.3%
Deaf Smith,Elementary and secondary schools,5,2.8%
Roberts,NA,5,NA
Tyler,Industrial building construction,5,2.9%
Val Verde,Full-service restaurants,5,3.2%
Brown,General medical and surgical hospitals,5,2.9%
Parker,General medical and surgical hospitals,5,1.6%
Harris,Support activities for oil and gas operations,5,1.4%
Zapata,Oil and gas pipeline construction,5,3.1%
Red River,Full-service restaurants,5,2.5%
Karnes,"Other specialized trucking, long-distance",5,3.7%
Palo Pinto,Elementary and secondary schools,5,2.5%
Glasscock,Oil and gas pipeline construction,5,4.0%
Shelby,Industrial building construction,5,2.6%
Wood,Temporary help services,5,2.4%
Crosby,Drilling oil and gas wells,5,2.8%
Refugio,Supermarkets and other grocery stores,5,2.6%
Burnet,Water and sewer system construction,5,1.5%
Sterling,"Highway, street, and bridge construction",5,5.3%
Montgomery,Temporary help services,5,2.0%
San Augustine,Limited-service restaurants,5,3.4%
Rains,Temporary help services,5,2.5%
Nueces,Home health care services,5,2.1%
Jack,Professional employer organizations,5,2.7%
Swisher,Janitorial services,5,5.0%
Camp,Limited-service restaurants,5,3.8%
Brazos,General medical and surgical hospitals,5,2.4%
Orange,Temporary help services,5,2.2%
Colorado,Other concrete product manufacturing,5,2.5%
Pecos,Limited-service restaurants,5,2.1%
Cochran,Scheduled passenger air transportation,5,2.8%
Parmer,Industrial sand mining,5,2.4%
Freestone,Limited-service restaurants,5,3.4%
Winkler,Marketing consulting services,5,3.3%
Wichita,Temporary help services,5,2.8%
Gray,Oil and gas pipeline construction,5,2.2%
Schleicher,"Other specialized trucking, local",5,3.3%
Hardeman,Supermarkets and other grocery stores,5,3.6%
Travis,Custom computer programming services,5,2.2%
Gillespie,"Hotels and motels, except casino hotels",5,2.6%
Yoakum,Power and communication system construction,5,2.5%
Fayette,"Gasket, packing, and sealing device mfg.",5,2.8%
Uvalde,Child and youth services,5,3.6%
Grimes,Full-service restaurants,5,1.7%
Van Zandt,Limited-service restaurants,5,2.2%
Throckmorton,Industrial machinery merchant wholesalers,5,7.1%
Falls,Child day care services,5,2.9%
Grayson,Limited-service restaurants,5,2.9%
Ellis,Oil and gas field machinery and equipment,5,1.4%
Hall,Business associations,5,6.1%
Dickens,Other petroleum merchant wholesalers,5,2.5%
Trinity,Industrial machinery merchant wholesalers,5,1.5%
Reeves,Industrial machinery merchant wholesalers,5,3.7%
Marion,"Nursing care facilities, skilled nursing",5,2.5%
Terrell,"Hotels and motels, except casino hotels",5,12.5%
Lynn,Gasoline stations with convenience stores,5,2.8%
La Salle,Other gasoline stations,5,3.1%
Jasper,General medical and surgical hospitals,5,2.5%
Jones,Full-service restaurants,5,2.8%
Castro,"General freight trucking, long-distance TL",5,3.1%
Victoria,Construction equipment merchant wholesalers,5,2.2%
Kleberg,Elementary and secondary schools,5,3.5%
Briscoe,Scheduled passenger air transportation,5,2.6%
Clay,Commercial machinery repair and maintenance,5,3.2%
Matagorda,Full-service restaurants,5,3.6%
Brooks,Other grantmaking and giving services,5,3.3%
Runnels,Collection agencies,5,3.3%
Carson,Full-service restaurants,5,3.5%
Liberty,Full-service restaurants,5,2.5%
Lee,Natural Gas Extraction,5,2.4%
Hale,School and employee bus transportation,5,2.9%
Bexar,Elementary and secondary schools,5,1.8%
Garza,Power and communication system construction,5,3.6%
Montague,Other heavy machinery rental and leasing,5,4.1%
Upton,Crude Petroleum Extraction,5,2.3%
Hamilton,Noncurrent-carrying wiring device mfg.,5,2.4%
Fisher,Scheduled passenger air transportation,5,3.3%
Dawson,Industrial building construction,5,4.2%
Dimmit,Employment placement agencies,5,3.5%
Limestone,Professional employer organizations,5,2.1%
Hutchinson,Residential painting contractors,5,3.1%
Llano,Support activities for oil and gas operations,5,2.3%
Presidio,Landscaping services,5,3.2%
Eastland,"Nursing care facilities, skilled nursing",5,2.6%
Sabine,All other professional and technical services,5,2.5%
Wharton,Temporary help services,5,2.9%
Rusk,Temporary help services,5,2.4%
Tarrant,Elementary and secondary schools,5,1.9%
Lavaca,"Hotels and motels, except casino hotels",5,2.8%
Childress,Oil and gas pipeline construction,5,2.4%
Hidalgo,Elementary and secondary schools,5,2.7%
Kaufman,Food service contractors,5,1.8%
Moore,Warehouse Clubs and Supercenters,5,3.2%
Menard,Tire dealers,5,5.0%
Edwards,Limited-service restaurants,5,3.1%
San Patricio,Oil and gas pipeline construction,5,2.1%
Terry,"Nursing care facilities, skilled nursing",5,2.5%
Crockett,Commercial machinery repair and maintenance,5,4.1%
Houston,General medical and surgical hospitals,5,2.9%
Waller,Elementary and secondary schools,5,2.4%
Coke,Scheduled passenger air transportation,5,3.4%
Ward,Nonresidential electrical contractors,5,2.2%
Titus,Limited-service restaurants,5,3.5%
Lampasas,New car dealers,5,1.9%
Haskell,Industrial machinery merchant wholesalers,5,3.4%
Martin,Power and communication system construction,5,2.8%
Atascosa,Industrial machinery merchant wholesalers,5,1.7%
Hemphill,Industrial building construction,5,5.3%
Hartley,Rendering and meat byproduct processing,5,5.6%
Young,"Other specialized trucking, local",5,2.2%
Burleson,Limited-service restaurants,5,2.4%
Hardin,Industrial building construction,5,2.8%
Gonzales,Oil and gas pipeline construction,5,2.8%
McMullen,Other commercial equip. merchant wholesalers,5,7.7%
Erath,Full-service restaurants,5,3.5%
Galveston,Oil and gas pipeline construction,5,1.7%
Hopkins,"Nursing care facilities, skilled nursing",5,2.7%
McLennan,Poultry processing,5,3.4%
Madison,Crude Petroleum Extraction,5,2.8%
McCulloch,"Highway, street, and bridge construction",5,2.2%
Donley,Commercial machinery repair and maintenance,5,4.8%
Kent,NA,5,NA
Real,Residential electrical contractors,5,3.8%
Sutton,Elementary and secondary schools,5,4.8%
Midland,Industrial machinery merchant wholesalers,5,2.0%
Hudspeth,"Hotels and motels, except casino hotels",5,3.4%
Zavala,Crude Petroleum Extraction,5,2.9%
Harrison,General medical and surgical hospitals,5,2.2%
Comanche,Elementary and secondary schools,5,2.9%
Mitchell,"Hotels and motels, except casino hotels",5,2.9%
Navarro,Home health care services,5,2.9%
Crane,Nonresidential site preparation contractors,5,3.1%
Lubbock,Temporary help services,5,2.6%
Wise,"Nursing care facilities, skilled nursing",5,1.5%
Washington,"Nursing care facilities, skilled nursing",5,2.2%
Jeff Davis,Elementary and secondary schools,5,10.0%
El Paso,"Executive and legislative offices, combined",5,2.2%
Gregg,General medical and surgical hospitals,5,2.5%
Williamson,Elementary and secondary schools,5,1.8%
Lipscomb,Rubber product mfg. for mechanical use,5,3.8%
Mason,Oil and gas field machinery and equipment,5,4.3%
Henderson,Temporary help services,5,2.9%
Hansford,Construction sand and gravel mining,5,3.1%
Chambers,Temporary help services,5,3.2%
Hill,Support activities for oil and gas operations,5,2.8%
Potter,Temporary help services,5,1.7%
Jim Wells,Drilling oil and gas wells,5,2.4%
Delta,Other support activities for air transport.,5,2.9%
Stonewall,Other heavy machinery rental and leasing,5,8.3%
Ector,Temporary help services,5,2.4%
Cameron,Limited-service restaurants,5,2.5%
Maverick,Child day care services,5,4.7%
Collin,Child day care services,5,1.5%
Baylor,Industrial machinery merchant wholesalers,5,1.9%
Panola,Poultry processing,5,2.9%
Guadalupe,Support activities for oil and gas operations,5,2.7%
Bastrop,Oil and gas pipeline construction,5,1.8%
Austin,Water and sewer system construction,5,2.5%
Andrews,Drilling oil and gas wells,5,1.9%
Anderson,Oil and gas pipeline construction,5,2.3%
Blanco,Full-service restaurants,5,2.9%
DeWitt,Other surveying and mapping services,5,2.5%
Bandera,Drilling oil and gas wells,5,2.1%
Bell,Elementary and secondary schools,5,2.2%
Aransas,Limited-service restaurants,5,2.5%
Archer,Full-service restaurants,5,3.4%
Armstrong,Oil and gas pipeline construction,5,4.1%
Bee,Limited-service restaurants,5,2.3%
Angelina,Temporary help services,5,2.8%
Bailey,Limited-service restaurants,5,3.2%
Jefferson,Industrial building construction,5,2.7%
Frio,Full-service restaurants,5,3.1%
Fannin,Full-service restaurants,5,2.6%
Goliad,Drilling oil and gas wells,5,2.3%
Loving,NA,5,NA
Cass,Limited-service restaurants,5,3.0%
Fort Bend,Elementary and secondary schools,5,1.8%
Bosque,Full-service restaurants,5,2.7%
Hockley,Full-service restaurants,5,2.2%
San Saba,Full-service restaurants,5,3.8%
Kerr,Limited-service restaurants,5,2.3%
Mills,"Commercial printing, except screen and books",5,3.4%
Cooke,Drilling oil and gas wells,5,2.5%
Wilbarger,Aircraft engine and engine parts mfg.,5,3.2%
Irion,Crude Petroleum Extraction,5,4.8%
Caldwell,Limited-service restaurants,5,2.2%
Jim Hogg,"Highway, street, and bridge construction",5,2.2%
Culberson,Temporary help services,5,3.0%
Upshur,Oil and gas pipeline construction,5,2.7%
Cherokee,Temporary help services,5,3.0%
Denton,School and employee bus transportation,5,1.8%
Concho,Drilling oil and gas wells,5,3.3%
Randall,Food service contractors,5,1.7%
Kimble,Support activities for oil and gas operations,5,3.4%
Knox,Residential plumbing and HVAC contractors,5,2.8%
Polk,Janitorial services,5,2.0%
Hood,Elementary and secondary schools,5,1.4%
San Jacinto,Support activities for oil and gas operations,5,1.4%
Robertson,"Hotels and motels, except casino hotels",5,3.1%
Wilson,Professional employer organizations,5,2.2%
Nolan,Crude Petroleum Extraction,5,3.2%
Cottle,Power and communication system construction,5,1.9%
Calhoun,Oil and gas pipeline construction,5,3.0%
Rockwall,Department Stores,5,1.5%
Live Oak,Industrial machinery merchant wholesalers,5,2.5%
Motley,NA,5,NA
Sherman,NA,5,NA
Ochiltree,Payroll services,5,7.2%
Comal,Support activities for oil and gas operations,5,2.5%
