county,date,value
Anderson,2020-05-02,0
Andrews,2020-05-02,0
Angelina,2020-05-02,1
Aransas,2020-05-02,0
Archer,2020-05-02,0
Armstrong,2020-05-02,0
Atascosa,2020-05-02,1
Austin,2020-05-02,0
Bailey,2020-05-02,0
Bandera,2020-05-02,0
Bastrop,2020-05-02,0
Baylor,2020-05-02,0
Bee,2020-05-02,0
Bell,2020-05-02,7
Bexar,2020-05-02,22
Blanco,2020-05-02,2
Borden,2020-05-02,0
Bosque,2020-05-02,0
Bowie,2020-05-02,0
Brazoria,2020-05-02,1
Brazos,2020-05-02,1
Brewster,2020-05-02,0
Briscoe,2020-05-02,0
Brooks,2020-05-02,0
Brown,2020-05-02,0
Burleson,2020-05-02,1
Burnet,2020-05-02,0
Caldwell,2020-05-02,1
Calhoun,2020-05-02,0
Callahan,2020-05-02,0
Cameron,2020-05-02,11
Camp,2020-05-02,0
Carson,2020-05-02,0
Cass,2020-05-02,0
Castro,2020-05-02,0
Chambers,2020-05-02,2
Cherokee,2020-05-02,3
Childress,2020-05-02,0
Clay,2020-05-02,0
Cochran,2020-05-02,0
Coke,2020-05-02,1
Coleman,2020-05-02,0
Collin,2020-05-02,8
Collingsworth,2020-05-02,0
Colorado,2020-05-02,0
Comal,2020-05-02,1
Comanche,2020-05-02,0
Concho,2020-05-02,0
Cooke,2020-05-02,0
Coryell,2020-05-02,1
Cottle,2020-05-02,0
Crane,2020-05-02,0
Crockett,2020-05-02,0
Crosby,2020-05-02,0
Culberson,2020-05-02,0
Dallam,2020-05-02,0
Dallas,2020-05-02,144
Dawson,2020-05-02,0
Deaf Smith,2020-05-02,0
Delta,2020-05-02,2
Denton,2020-05-02,4
DeWitt,2020-05-02,0
Dickens,2020-05-02,0
Dimmit,2020-05-02,0
Donley,2020-05-02,0
Duval,2020-05-02,0
Eastland,2020-05-02,0
Ector,2020-05-02,4
Edwards,2020-05-02,0
Ellis,2020-05-02,2
El Paso,2020-05-02,8
Erath,2020-05-02,0
Falls,2020-05-02,0
Fannin,2020-05-02,1
Fayette,2020-05-02,0
Fisher,2020-05-02,0
Floyd,2020-05-02,0
Foard,2020-05-02,0
Fort Bend,2020-05-02,3
Franklin,2020-05-02,0
Freestone,2020-05-02,0
Frio,2020-05-02,0
Gaines,2020-05-02,0
Galveston,2020-05-02,2
Garza,2020-05-02,0
Gillespie,2020-05-02,0
Glasscock,2020-05-02,1
Goliad,2020-05-02,0
Gonzales,2020-05-02,1
Gray,2020-05-02,1
Grayson,2020-05-02,2
Gregg,2020-05-02,0
Grimes,2020-05-02,0
Guadalupe,2020-05-02,2
Hale,2020-05-02,0
Hall,2020-05-02,0
Hamilton,2020-05-02,0
Hansford,2020-05-02,0
Hardeman,2020-05-02,0
Hardin,2020-05-02,1
Harris,2020-05-02,21
Harrison,2020-05-02,1
Hartley,2020-05-02,0
Haskell,2020-05-02,0
Hays,2020-05-02,1
Hemphill,2020-05-02,0
Henderson,2020-05-02,1
Hidalgo,2020-05-02,8
Hill,2020-05-02,1
Hockley,2020-05-02,0
Hood,2020-05-02,3
Hopkins,2020-05-02,1
Houston,2020-05-02,0
Howard,2020-05-02,0
Hudspeth,2020-05-02,0
Hunt,2020-05-02,0
Hutchinson,2020-05-02,0
Irion,2020-05-02,0
Jack,2020-05-02,1
Jackson,2020-05-02,0
Jasper,2020-05-02,1
Jeff Davis,2020-05-02,0
Jefferson,2020-05-02,0
Jim Hogg,2020-05-02,0
Jim Wells,2020-05-02,0
Johnson,2020-05-02,2
Jones,2020-05-02,0
Karnes,2020-05-02,0
Kaufman,2020-05-02,0
Kendall,2020-05-02,1
Kenedy,2020-05-02,0
Kent,2020-05-02,0
Kerr,2020-05-02,0
Kimble,2020-05-02,0
King,2020-05-02,0
Kinney,2020-05-02,0
Kleberg,2020-05-02,0
Knox,2020-05-02,0
Lamar,2020-05-02,2
Lamb,2020-05-02,0
Lampasas,2020-05-02,2
La Salle,2020-05-02,0
Lavaca,2020-05-02,0
Lee,2020-05-02,0
Leon,2020-05-02,2
Liberty,2020-05-02,0
Limestone,2020-05-02,0
Lipscomb,2020-05-02,0
Live Oak,2020-05-02,0
Llano,2020-05-02,0
Loving,2020-05-02,0
Lubbock,2020-05-02,0
Lynn,2020-05-02,0
McCulloch,2020-05-02,0
McLennan,2020-05-02,5
McMullen,2020-05-02,0
Madison,2020-05-02,1
Marion,2020-05-02,0
Martin,2020-05-02,0
Mason,2020-05-02,0
Matagorda,2020-05-02,0
Maverick,2020-05-02,0
Medina,2020-05-02,0
Menard,2020-05-02,0
Midland,2020-05-02,0
Milam,2020-05-02,0
Mills,2020-05-02,0
Mitchell,2020-05-02,0
Montague,2020-05-02,0
Montgomery,2020-05-02,4
Moore,2020-05-02,1
Morris,2020-05-02,1
Motley,2020-05-02,0
Nacogdoches,2020-05-02,0
Navarro,2020-05-02,0
Newton,2020-05-02,0
Nolan,2020-05-02,1
Nueces,2020-05-02,2
Ochiltree,2020-05-02,0
Oldham,2020-05-02,0
Orange,2020-05-02,1
Palo Pinto,2020-05-02,0
Panola,2020-05-02,0
Parker,2020-05-02,2
Parmer,2020-05-02,0
Pecos,2020-05-02,1
Polk,2020-05-02,1
Potter,2020-05-02,7
Presidio,2020-05-02,0
Rains,2020-05-02,0
Randall,2020-05-02,11
Reagan,2020-05-02,0
Real,2020-05-02,0
Red River,2020-05-02,0
Reeves,2020-05-02,0
Refugio,2020-05-02,0
Roberts,2020-05-02,0
Robertson,2020-05-02,0
Rockwall,2020-05-02,1
Runnels,2020-05-02,0
Rusk,2020-05-02,0
Sabine,2020-05-02,0
San Augustine,2020-05-02,1
San Jacinto,2020-05-02,1
San Patricio,2020-05-02,0
San Saba,2020-05-02,0
Schleicher,2020-05-02,0
Scurry,2020-05-02,0
Shackelford,2020-05-02,0
Shelby,2020-05-02,0
Sherman,2020-05-02,0
Smith,2020-05-02,5
Somervell,2020-05-02,0
Starr,2020-05-02,0
Stephens,2020-05-02,0
Sterling,2020-05-02,0
Stonewall,2020-05-02,0
Sutton,2020-05-02,0
Swisher,2020-05-02,0
Tarrant,2020-05-02,37
Taylor,2020-05-02,0
Terrell,2020-05-02,0
Terry,2020-05-02,0
Throckmorton,2020-05-02,0
Titus,2020-05-02,0
Tom Green,2020-05-02,7
Travis,2020-05-02,12
Trinity,2020-05-02,0
Tyler,2020-05-02,0
Upshur,2020-05-02,0
Upton,2020-05-02,0
Uvalde,2020-05-02,0
Val Verde,2020-05-02,0
Van Zandt,2020-05-02,0
Victoria,2020-05-02,0
Walker,2020-05-02,0
Waller,2020-05-02,1
Ward,2020-05-02,0
Washington,2020-05-02,0
Webb,2020-05-02,3
Wharton,2020-05-02,0
Wheeler,2020-05-02,0
Wichita,2020-05-02,2
Wilbarger,2020-05-02,0
Willacy,2020-05-02,0
Williamson,2020-05-02,6
Wilson,2020-05-02,0
Winkler,2020-05-02,0
Wise,2020-05-02,0
Wood,2020-05-02,3
Yoakum,2020-05-02,0
Young,2020-05-02,0
Zapata,2020-05-02,0
Zavala,2020-05-02,0
NA,2020-05-02,NA
NA,2020-05-02,NA
NA,2020-05-02,NA
Anderson,2020-05-03,1
Andrews,2020-05-03,0
Angelina,2020-05-03,1
Aransas,2020-05-03,0
Archer,2020-05-03,0
Armstrong,2020-05-03,0
Atascosa,2020-05-03,3
Austin,2020-05-03,0
Bailey,2020-05-03,1
Bandera,2020-05-03,0
Bastrop,2020-05-03,1
Baylor,2020-05-03,0
Bee,2020-05-03,0
Bell,2020-05-03,5
Bexar,2020-05-03,15
Blanco,2020-05-03,0
Borden,2020-05-03,0
Bosque,2020-05-03,0
Bowie,2020-05-03,1
Brazoria,2020-05-03,1
Brazos,2020-05-03,0
Brewster,2020-05-03,0
Briscoe,2020-05-03,0
Brooks,2020-05-03,0
Brown,2020-05-03,2
Burleson,2020-05-03,0
Burnet,2020-05-03,0
Caldwell,2020-05-03,1
Calhoun,2020-05-03,0
Callahan,2020-05-03,0
Cameron,2020-05-03,9
Camp,2020-05-03,0
Carson,2020-05-03,0
Cass,2020-05-03,2
Castro,2020-05-03,0
Chambers,2020-05-03,1
Cherokee,2020-05-03,3
Childress,2020-05-03,0
Clay,2020-05-03,0
Cochran,2020-05-03,0
Coke,2020-05-03,0
Coleman,2020-05-03,0
Collin,2020-05-03,7
Collingsworth,2020-05-03,0
Colorado,2020-05-03,0
Comal,2020-05-03,0
Comanche,2020-05-03,0
Concho,2020-05-03,0
Cooke,2020-05-03,1
Coryell,2020-05-03,0
Cottle,2020-05-03,0
Crane,2020-05-03,0
Crockett,2020-05-03,0
Crosby,2020-05-03,0
Culberson,2020-05-03,0
Dallam,2020-05-03,1
Dallas,2020-05-03,119
Dawson,2020-05-03,0
Deaf Smith,2020-05-03,2
Delta,2020-05-03,0
Denton,2020-05-03,2
DeWitt,2020-05-03,1
Dickens,2020-05-03,0
Dimmit,2020-05-03,0
Donley,2020-05-03,0
Duval,2020-05-03,0
Eastland,2020-05-03,0
Ector,2020-05-03,1
Edwards,2020-05-03,0
Ellis,2020-05-03,1
El Paso,2020-05-03,12
Erath,2020-05-03,1
Falls,2020-05-03,0
Fannin,2020-05-03,0
Fayette,2020-05-03,0
Fisher,2020-05-03,0
Floyd,2020-05-03,0
Foard,2020-05-03,0
Fort Bend,2020-05-03,3
Franklin,2020-05-03,0
Freestone,2020-05-03,0
Frio,2020-05-03,0
Gaines,2020-05-03,0
Galveston,2020-05-03,3
Garza,2020-05-03,0
Gillespie,2020-05-03,0
Glasscock,2020-05-03,0
Goliad,2020-05-03,0
Gonzales,2020-05-03,2
Gray,2020-05-03,0
Grayson,2020-05-03,1
Gregg,2020-05-03,0
Grimes,2020-05-03,0
Guadalupe,2020-05-03,8
Hale,2020-05-03,1
Hall,2020-05-03,0
Hamilton,2020-05-03,0
Hansford,2020-05-03,0
Hardeman,2020-05-03,0
Hardin,2020-05-03,1
Harris,2020-05-03,19
Harrison,2020-05-03,0
Hartley,2020-05-03,0
Haskell,2020-05-03,0
Hays,2020-05-03,6
Hemphill,2020-05-03,0
Henderson,2020-05-03,2
Hidalgo,2020-05-03,5
Hill,2020-05-03,0
Hockley,2020-05-03,0
Hood,2020-05-03,4
Hopkins,2020-05-03,1
Houston,2020-05-03,0
Howard,2020-05-03,0
Hudspeth,2020-05-03,0
Hunt,2020-05-03,1
Hutchinson,2020-05-03,0
Irion,2020-05-03,0
Jack,2020-05-03,0
Jackson,2020-05-03,0
Jasper,2020-05-03,0
Jeff Davis,2020-05-03,0
Jefferson,2020-05-03,1
Jim Hogg,2020-05-03,0
Jim Wells,2020-05-03,1
Johnson,2020-05-03,5
Jones,2020-05-03,0
Karnes,2020-05-03,0
Kaufman,2020-05-03,2
Kendall,2020-05-03,0
Kenedy,2020-05-03,0
Kent,2020-05-03,1
Kerr,2020-05-03,0
Kimble,2020-05-03,0
King,2020-05-03,0
Kinney,2020-05-03,0
Kleberg,2020-05-03,0
Knox,2020-05-03,0
Lamar,2020-05-03,0
Lamb,2020-05-03,0
Lampasas,2020-05-03,1
La Salle,2020-05-03,0
Lavaca,2020-05-03,0
Lee,2020-05-03,0
Leon,2020-05-03,0
Liberty,2020-05-03,0
Limestone,2020-05-03,0
Lipscomb,2020-05-03,0
Live Oak,2020-05-03,0
Llano,2020-05-03,0
Loving,2020-05-03,0
Lubbock,2020-05-03,3
Lynn,2020-05-03,0
McCulloch,2020-05-03,2
McLennan,2020-05-03,8
McMullen,2020-05-03,0
Madison,2020-05-03,0
Marion,2020-05-03,0
Martin,2020-05-03,0
Mason,2020-05-03,0
Matagorda,2020-05-03,0
Maverick,2020-05-03,0
Medina,2020-05-03,0
Menard,2020-05-03,0
Midland,2020-05-03,0
Milam,2020-05-03,0
Mills,2020-05-03,0
Mitchell,2020-05-03,0
Montague,2020-05-03,0
Montgomery,2020-05-03,3
Moore,2020-05-03,1
Morris,2020-05-03,0
Motley,2020-05-03,0
Nacogdoches,2020-05-03,2
Navarro,2020-05-03,0
Newton,2020-05-03,0
Nolan,2020-05-03,0
Nueces,2020-05-03,2
Ochiltree,2020-05-03,0
Oldham,2020-05-03,0
Orange,2020-05-03,1
Palo Pinto,2020-05-03,0
Panola,2020-05-03,0
Parker,2020-05-03,0
Parmer,2020-05-03,0
Pecos,2020-05-03,0
Polk,2020-05-03,2
Potter,2020-05-03,10
Presidio,2020-05-03,0
Rains,2020-05-03,0
Randall,2020-05-03,8
Reagan,2020-05-03,0
Real,2020-05-03,0
Red River,2020-05-03,0
Reeves,2020-05-03,0
Refugio,2020-05-03,0
Roberts,2020-05-03,0
Robertson,2020-05-03,0
Rockwall,2020-05-03,0
Runnels,2020-05-03,0
Rusk,2020-05-03,0
Sabine,2020-05-03,0
San Augustine,2020-05-03,0
San Jacinto,2020-05-03,0
San Patricio,2020-05-03,0
San Saba,2020-05-03,0
Schleicher,2020-05-03,0
Scurry,2020-05-03,0
Shackelford,2020-05-03,0
Shelby,2020-05-03,1
Sherman,2020-05-03,0
Smith,2020-05-03,4
Somervell,2020-05-03,0
Starr,2020-05-03,0
Stephens,2020-05-03,0
Sterling,2020-05-03,0
Stonewall,2020-05-03,0
Sutton,2020-05-03,0
Swisher,2020-05-03,0
Tarrant,2020-05-03,31
Taylor,2020-05-03,0
Terrell,2020-05-03,0
Terry,2020-05-03,0
Throckmorton,2020-05-03,0
Titus,2020-05-03,0
Tom Green,2020-05-03,4
Travis,2020-05-03,8
Trinity,2020-05-03,0
Tyler,2020-05-03,0
Upshur,2020-05-03,0
Upton,2020-05-03,0
Uvalde,2020-05-03,0
Val Verde,2020-05-03,0
Van Zandt,2020-05-03,3
Victoria,2020-05-03,0
Walker,2020-05-03,1
Waller,2020-05-03,0
Ward,2020-05-03,0
Washington,2020-05-03,0
Webb,2020-05-03,6
Wharton,2020-05-03,1
Wheeler,2020-05-03,0
Wichita,2020-05-03,0
Wilbarger,2020-05-03,0
Willacy,2020-05-03,2
Williamson,2020-05-03,6
Wilson,2020-05-03,2
Winkler,2020-05-03,0
Wise,2020-05-03,0
Wood,2020-05-03,2
Yoakum,2020-05-03,0
Young,2020-05-03,0
Zapata,2020-05-03,0
Zavala,2020-05-03,0
NA,2020-05-03,NA
NA,2020-05-03,NA
NA,2020-05-03,NA
Anderson,2020-05-04,3
Andrews,2020-05-04,0
Angelina,2020-05-04,2
Aransas,2020-05-04,0
Archer,2020-05-04,0
Armstrong,2020-05-04,0
Atascosa,2020-05-04,0
Austin,2020-05-04,0
Bailey,2020-05-04,0
Bandera,2020-05-04,0
Bastrop,2020-05-04,1
Baylor,2020-05-04,0
Bee,2020-05-04,0
Bell,2020-05-04,12
Bexar,2020-05-04,29
Blanco,2020-05-04,0
Borden,2020-05-04,0
Bosque,2020-05-04,0
Bowie,2020-05-04,0
Brazoria,2020-05-04,0
Brazos,2020-05-04,1
Brewster,2020-05-04,0
Briscoe,2020-05-04,0
Brooks,2020-05-04,0
Brown,2020-05-04,0
Burleson,2020-05-04,1
Burnet,2020-05-04,1
Caldwell,2020-05-04,0
Calhoun,2020-05-04,0
Callahan,2020-05-04,0
Cameron,2020-05-04,9
Camp,2020-05-04,0
Carson,2020-05-04,0
Cass,2020-05-04,0
Castro,2020-05-04,0
Chambers,2020-05-04,1
Cherokee,2020-05-04,0
Childress,2020-05-04,0
Clay,2020-05-04,1
Cochran,2020-05-04,0
Coke,2020-05-04,0
Coleman,2020-05-04,0
Collin,2020-05-04,7
Collingsworth,2020-05-04,0
Colorado,2020-05-04,0
Comal,2020-05-04,0
Comanche,2020-05-04,0
Concho,2020-05-04,0
Cooke,2020-05-04,0
Coryell,2020-05-04,1
Cottle,2020-05-04,0
Crane,2020-05-04,0
Crockett,2020-05-04,0
Crosby,2020-05-04,0
Culberson,2020-05-04,0
Dallam,2020-05-04,0
Dallas,2020-05-04,151
Dawson,2020-05-04,0
Deaf Smith,2020-05-04,1
Delta,2020-05-04,0
Denton,2020-05-04,4
DeWitt,2020-05-04,0
Dickens,2020-05-04,0
Dimmit,2020-05-04,1
Donley,2020-05-04,0
Duval,2020-05-04,0
Eastland,2020-05-04,0
Ector,2020-05-04,7
Edwards,2020-05-04,0
Ellis,2020-05-04,1
El Paso,2020-05-04,12
Erath,2020-05-04,1
Falls,2020-05-04,0
Fannin,2020-05-04,0
Fayette,2020-05-04,0
Fisher,2020-05-04,0
Floyd,2020-05-04,0
Foard,2020-05-04,0
Fort Bend,2020-05-04,0
Franklin,2020-05-04,0
Freestone,2020-05-04,0
Frio,2020-05-04,1
Gaines,2020-05-04,0
Galveston,2020-05-04,7
Garza,2020-05-04,0
Gillespie,2020-05-04,1
Glasscock,2020-05-04,0
Goliad,2020-05-04,0
Gonzales,2020-05-04,0
Gray,2020-05-04,0
Grayson,2020-05-04,15
Gregg,2020-05-04,2
Grimes,2020-05-04,1
Guadalupe,2020-05-04,3
Hale,2020-05-04,0
Hall,2020-05-04,0
Hamilton,2020-05-04,0
Hansford,2020-05-04,0
Hardeman,2020-05-04,0
Hardin,2020-05-04,0
Harris,2020-05-04,27
Harrison,2020-05-04,0
Hartley,2020-05-04,0
Haskell,2020-05-04,0
Hays,2020-05-04,0
Hemphill,2020-05-04,0
Henderson,2020-05-04,1
Hidalgo,2020-05-04,8
Hill,2020-05-04,0
Hockley,2020-05-04,0
Hood,2020-05-04,4
Hopkins,2020-05-04,1
Houston,2020-05-04,0
Howard,2020-05-04,0
Hudspeth,2020-05-04,0
Hunt,2020-05-04,1
Hutchinson,2020-05-04,1
Irion,2020-05-04,0
Jack,2020-05-04,0
Jackson,2020-05-04,0
Jasper,2020-05-04,1
Jeff Davis,2020-05-04,0
Jefferson,2020-05-04,0
Jim Hogg,2020-05-04,0
Jim Wells,2020-05-04,0
Johnson,2020-05-04,4
Jones,2020-05-04,0
Karnes,2020-05-04,0
Kaufman,2020-05-04,3
Kendall,2020-05-04,0
Kenedy,2020-05-04,0
Kent,2020-05-04,1
Kerr,2020-05-04,1
Kimble,2020-05-04,0
King,2020-05-04,1
Kinney,2020-05-04,0
Kleberg,2020-05-04,1
Knox,2020-05-04,0
Lamar,2020-05-04,0
Lamb,2020-05-04,0
Lampasas,2020-05-04,3
La Salle,2020-05-04,0
Lavaca,2020-05-04,0
Lee,2020-05-04,0
Leon,2020-05-04,0
Liberty,2020-05-04,0
Limestone,2020-05-04,1
Lipscomb,2020-05-04,0
Live Oak,2020-05-04,0
Llano,2020-05-04,0
Loving,2020-05-04,0
Lubbock,2020-05-04,3
Lynn,2020-05-04,0
McCulloch,2020-05-04,0
McLennan,2020-05-04,9
McMullen,2020-05-04,0
Madison,2020-05-04,0
Marion,2020-05-04,0
Martin,2020-05-04,0
Mason,2020-05-04,0
Matagorda,2020-05-04,0
Maverick,2020-05-04,0
Medina,2020-05-04,1
Menard,2020-05-04,0
Midland,2020-05-04,0
Milam,2020-05-04,0
Mills,2020-05-04,0
Mitchell,2020-05-04,0
Montague,2020-05-04,0
Montgomery,2020-05-04,0
Moore,2020-05-04,0
Morris,2020-05-04,0
Motley,2020-05-04,0
Nacogdoches,2020-05-04,1
Navarro,2020-05-04,0
Newton,2020-05-04,0
Nolan,2020-05-04,0
Nueces,2020-05-04,3
Ochiltree,2020-05-04,0
Oldham,2020-05-04,0
Orange,2020-05-04,1
Palo Pinto,2020-05-04,0
Panola,2020-05-04,0
Parker,2020-05-04,4
Parmer,2020-05-04,1
Pecos,2020-05-04,0
Polk,2020-05-04,1
Potter,2020-05-04,16
Presidio,2020-05-04,0
Rains,2020-05-04,0
Randall,2020-05-04,5
Reagan,2020-05-04,0
Real,2020-05-04,0
Red River,2020-05-04,0
Reeves,2020-05-04,0
Refugio,2020-05-04,0
Roberts,2020-05-04,0
Robertson,2020-05-04,0
Rockwall,2020-05-04,1
Runnels,2020-05-04,0
Rusk,2020-05-04,0
Sabine,2020-05-04,0
San Augustine,2020-05-04,1
San Jacinto,2020-05-04,0
San Patricio,2020-05-04,0
San Saba,2020-05-04,0
Schleicher,2020-05-04,0
Scurry,2020-05-04,0
Shackelford,2020-05-04,0
Shelby,2020-05-04,1
Sherman,2020-05-04,0
Smith,2020-05-04,6
Somervell,2020-05-04,0
Starr,2020-05-04,0
Stephens,2020-05-04,0
Sterling,2020-05-04,0
Stonewall,2020-05-04,0
Sutton,2020-05-04,0
Swisher,2020-05-04,0
Tarrant,2020-05-04,35
Taylor,2020-05-04,0
Terrell,2020-05-04,0
Terry,2020-05-04,0
Throckmorton,2020-05-04,0
Titus,2020-05-04,1
Tom Green,2020-05-04,3
Travis,2020-05-04,9
Trinity,2020-05-04,0
Tyler,2020-05-04,0
Upshur,2020-05-04,0
Upton,2020-05-04,0
Uvalde,2020-05-04,0
Val Verde,2020-05-04,0
Van Zandt,2020-05-04,2
Victoria,2020-05-04,0
Walker,2020-05-04,2
Waller,2020-05-04,0
Ward,2020-05-04,0
Washington,2020-05-04,0
Webb,2020-05-04,4
Wharton,2020-05-04,0
Wheeler,2020-05-04,2
Wichita,2020-05-04,0
Wilbarger,2020-05-04,0
Willacy,2020-05-04,1
Williamson,2020-05-04,1
Wilson,2020-05-04,1
Winkler,2020-05-04,0
Wise,2020-05-04,0
Wood,2020-05-04,2
Yoakum,2020-05-04,0
Young,2020-05-04,0
Zapata,2020-05-04,0
Zavala,2020-05-04,1
NA,2020-05-04,NA
NA,2020-05-04,NA
NA,2020-05-04,NA
Anderson,2020-05-05,2
Andrews,2020-05-05,0
Angelina,2020-05-05,1
Aransas,2020-05-05,0
Archer,2020-05-05,0
Armstrong,2020-05-05,0
Atascosa,2020-05-05,0
Austin,2020-05-05,0
Bailey,2020-05-05,0
Bandera,2020-05-05,0
Bastrop,2020-05-05,0
Baylor,2020-05-05,0
Bee,2020-05-05,0
Bell,2020-05-05,15
Bexar,2020-05-05,25
Blanco,2020-05-05,1
Borden,2020-05-05,0
Bosque,2020-05-05,0
Bowie,2020-05-05,1
Brazoria,2020-05-05,0
Brazos,2020-05-05,1
Brewster,2020-05-05,0
Briscoe,2020-05-05,0
Brooks,2020-05-05,0
Brown,2020-05-05,0
Burleson,2020-05-05,0
Burnet,2020-05-05,0
Caldwell,2020-05-05,0
Calhoun,2020-05-05,0
Callahan,2020-05-05,0
Cameron,2020-05-05,8
Camp,2020-05-05,0
Carson,2020-05-05,0
Cass,2020-05-05,0
Castro,2020-05-05,0
Chambers,2020-05-05,0
Cherokee,2020-05-05,4
Childress,2020-05-05,0
Clay,2020-05-05,1
Cochran,2020-05-05,0
Coke,2020-05-05,0
Coleman,2020-05-05,0
Collin,2020-05-05,13
Collingsworth,2020-05-05,0
Colorado,2020-05-05,0
Comal,2020-05-05,2
Comanche,2020-05-05,0
Concho,2020-05-05,0
Cooke,2020-05-05,0
Coryell,2020-05-05,0
Cottle,2020-05-05,0
Crane,2020-05-05,0
Crockett,2020-05-05,0
Crosby,2020-05-05,0
Culberson,2020-05-05,0
Dallam,2020-05-05,0
Dallas,2020-05-05,156
Dawson,2020-05-05,0
Deaf Smith,2020-05-05,1
Delta,2020-05-05,0
Denton,2020-05-05,7
DeWitt,2020-05-05,0
Dickens,2020-05-05,0
Dimmit,2020-05-05,0
Donley,2020-05-05,0
Duval,2020-05-05,0
Eastland,2020-05-05,0
Ector,2020-05-05,5
Edwards,2020-05-05,0
Ellis,2020-05-05,1
El Paso,2020-05-05,14
Erath,2020-05-05,2
Falls,2020-05-05,1
Fannin,2020-05-05,0
Fayette,2020-05-05,0
Fisher,2020-05-05,0
Floyd,2020-05-05,0
Foard,2020-05-05,0
Fort Bend,2020-05-05,1
Franklin,2020-05-05,0
Freestone,2020-05-05,0
Frio,2020-05-05,1
Gaines,2020-05-05,0
Galveston,2020-05-05,4
Garza,2020-05-05,0
Gillespie,2020-05-05,0
Glasscock,2020-05-05,0
Goliad,2020-05-05,0
Gonzales,2020-05-05,0
Gray,2020-05-05,1
Grayson,2020-05-05,7
Gregg,2020-05-05,1
Grimes,2020-05-05,0
Guadalupe,2020-05-05,4
Hale,2020-05-05,1
Hall,2020-05-05,0
Hamilton,2020-05-05,0
Hansford,2020-05-05,0
Hardeman,2020-05-05,0
Hardin,2020-05-05,0
Harris,2020-05-05,26
Harrison,2020-05-05,0
Hartley,2020-05-05,0
Haskell,2020-05-05,0
Hays,2020-05-05,5
Hemphill,2020-05-05,0
Henderson,2020-05-05,1
Hidalgo,2020-05-05,6
Hill,2020-05-05,0
Hockley,2020-05-05,0
Hood,2020-05-05,0
Hopkins,2020-05-05,0
Houston,2020-05-05,0
Howard,2020-05-05,0
Hudspeth,2020-05-05,0
Hunt,2020-05-05,0
Hutchinson,2020-05-05,0
Irion,2020-05-05,0
Jack,2020-05-05,0
Jackson,2020-05-05,0
Jasper,2020-05-05,0
Jeff Davis,2020-05-05,0
Jefferson,2020-05-05,2
Jim Hogg,2020-05-05,0
Jim Wells,2020-05-05,0
Johnson,2020-05-05,3
Jones,2020-05-05,0
Karnes,2020-05-05,1
Kaufman,2020-05-05,2
Kendall,2020-05-05,1
Kenedy,2020-05-05,0
Kent,2020-05-05,0
Kerr,2020-05-05,1
Kimble,2020-05-05,0
King,2020-05-05,0
Kinney,2020-05-05,0
Kleberg,2020-05-05,0
Knox,2020-05-05,0
Lamar,2020-05-05,0
Lamb,2020-05-05,0
Lampasas,2020-05-05,3
La Salle,2020-05-05,1
Lavaca,2020-05-05,0
Lee,2020-05-05,0
Leon,2020-05-05,0
Liberty,2020-05-05,2
Limestone,2020-05-05,1
Lipscomb,2020-05-05,0
Live Oak,2020-05-05,0
Llano,2020-05-05,0
Loving,2020-05-05,0
Lubbock,2020-05-05,1
Lynn,2020-05-05,1
McCulloch,2020-05-05,0
McLennan,2020-05-05,4
McMullen,2020-05-05,0
Madison,2020-05-05,0
Marion,2020-05-05,0
Martin,2020-05-05,0
Mason,2020-05-05,0
Matagorda,2020-05-05,0
Maverick,2020-05-05,1
Medina,2020-05-05,1
Menard,2020-05-05,0
Midland,2020-05-05,1
Milam,2020-05-05,0
Mills,2020-05-05,0
Mitchell,2020-05-05,0
Montague,2020-05-05,0
Montgomery,2020-05-05,6
Moore,2020-05-05,0
Morris,2020-05-05,0
Motley,2020-05-05,0
Nacogdoches,2020-05-05,0
Navarro,2020-05-05,1
Newton,2020-05-05,0
Nolan,2020-05-05,0
Nueces,2020-05-05,3
Ochiltree,2020-05-05,0
Oldham,2020-05-05,0
Orange,2020-05-05,1
Palo Pinto,2020-05-05,0
Panola,2020-05-05,0
Parker,2020-05-05,1
Parmer,2020-05-05,0
Pecos,2020-05-05,0
Polk,2020-05-05,0
Potter,2020-05-05,13
Presidio,2020-05-05,0
Rains,2020-05-05,1
Randall,2020-05-05,14
Reagan,2020-05-05,0
Real,2020-05-05,0
Red River,2020-05-05,0
Reeves,2020-05-05,0
Refugio,2020-05-05,0
Roberts,2020-05-05,0
Robertson,2020-05-05,0
Rockwall,2020-05-05,0
Runnels,2020-05-05,0
Rusk,2020-05-05,0
Sabine,2020-05-05,0
San Augustine,2020-05-05,0
San Jacinto,2020-05-05,0
San Patricio,2020-05-05,1
San Saba,2020-05-05,0
Schleicher,2020-05-05,0
Scurry,2020-05-05,0
Shackelford,2020-05-05,0
Shelby,2020-05-05,0
Sherman,2020-05-05,0
Smith,2020-05-05,5
Somervell,2020-05-05,0
Starr,2020-05-05,0
Stephens,2020-05-05,0
Sterling,2020-05-05,0
Stonewall,2020-05-05,0
Sutton,2020-05-05,0
Swisher,2020-05-05,0
Tarrant,2020-05-05,17
Taylor,2020-05-05,0
Terrell,2020-05-05,0
Terry,2020-05-05,0
Throckmorton,2020-05-05,0
Titus,2020-05-05,0
Tom Green,2020-05-05,4
Travis,2020-05-05,13
Trinity,2020-05-05,0
Tyler,2020-05-05,0
Upshur,2020-05-05,0
Upton,2020-05-05,0
Uvalde,2020-05-05,1
Val Verde,2020-05-05,0
Van Zandt,2020-05-05,2
Victoria,2020-05-05,0
Walker,2020-05-05,2
Waller,2020-05-05,0
Ward,2020-05-05,0
Washington,2020-05-05,0
Webb,2020-05-05,0
Wharton,2020-05-05,1
Wheeler,2020-05-05,0
Wichita,2020-05-05,2
Wilbarger,2020-05-05,0
Willacy,2020-05-05,2
Williamson,2020-05-05,1
Wilson,2020-05-05,0
Winkler,2020-05-05,0
Wise,2020-05-05,0
Wood,2020-05-05,1
Yoakum,2020-05-05,0
Young,2020-05-05,0
Zapata,2020-05-05,0
Zavala,2020-05-05,0
NA,2020-05-05,NA
NA,2020-05-05,NA
NA,2020-05-05,NA
Anderson,2020-05-06,0
Andrews,2020-05-06,0
Angelina,2020-05-06,5
Aransas,2020-05-06,0
Archer,2020-05-06,0
Armstrong,2020-05-06,0
Atascosa,2020-05-06,1
Austin,2020-05-06,0
Bailey,2020-05-06,0
Bandera,2020-05-06,1
Bastrop,2020-05-06,1
Baylor,2020-05-06,0
Bee,2020-05-06,1
Bell,2020-05-06,11
Bexar,2020-05-06,20
Blanco,2020-05-06,0
Borden,2020-05-06,0
Bosque,2020-05-06,0
Bowie,2020-05-06,1
Brazoria,2020-05-06,3
Brazos,2020-05-06,0
Brewster,2020-05-06,0
Briscoe,2020-05-06,0
Brooks,2020-05-06,0
Brown,2020-05-06,0
Burleson,2020-05-06,0
Burnet,2020-05-06,1
Caldwell,2020-05-06,0
Calhoun,2020-05-06,1
Callahan,2020-05-06,0
Cameron,2020-05-06,1
Camp,2020-05-06,0
Carson,2020-05-06,1
Cass,2020-05-06,2
Castro,2020-05-06,0
Chambers,2020-05-06,0
Cherokee,2020-05-06,1
Childress,2020-05-06,0
Clay,2020-05-06,0
Cochran,2020-05-06,0
Coke,2020-05-06,0
Coleman,2020-05-06,0
Collin,2020-05-06,8
Collingsworth,2020-05-06,0
Colorado,2020-05-06,1
Comal,2020-05-06,0
Comanche,2020-05-06,0
Concho,2020-05-06,0
Cooke,2020-05-06,0
Coryell,2020-05-06,1
Cottle,2020-05-06,0
Crane,2020-05-06,0
Crockett,2020-05-06,0
Crosby,2020-05-06,0
Culberson,2020-05-06,0
Dallam,2020-05-06,0
Dallas,2020-05-06,142
Dawson,2020-05-06,0
Deaf Smith,2020-05-06,0
Delta,2020-05-06,0
Denton,2020-05-06,1
DeWitt,2020-05-06,0
Dickens,2020-05-06,0
Dimmit,2020-05-06,0
Donley,2020-05-06,0
Duval,2020-05-06,0
Eastland,2020-05-06,0
Ector,2020-05-06,3
Edwards,2020-05-06,0
Ellis,2020-05-06,4
El Paso,2020-05-06,12
Erath,2020-05-06,0
Falls,2020-05-06,0
Fannin,2020-05-06,1
Fayette,2020-05-06,0
Fisher,2020-05-06,0
Floyd,2020-05-06,0
Foard,2020-05-06,0
Fort Bend,2020-05-06,1
Franklin,2020-05-06,0
Freestone,2020-05-06,0
Frio,2020-05-06,0
Gaines,2020-05-06,0
Galveston,2020-05-06,4
Garza,2020-05-06,0
Gillespie,2020-05-06,0
Glasscock,2020-05-06,0
Goliad,2020-05-06,0
Gonzales,2020-05-06,0
Gray,2020-05-06,2
Grayson,2020-05-06,8
Gregg,2020-05-06,0
Grimes,2020-05-06,1
Guadalupe,2020-05-06,6
Hale,2020-05-06,0
Hall,2020-05-06,0
Hamilton,2020-05-06,0
Hansford,2020-05-06,0
Hardeman,2020-05-06,0
Hardin,2020-05-06,1
Harris,2020-05-06,24
Harrison,2020-05-06,0
Hartley,2020-05-06,0
Haskell,2020-05-06,0
Hays,2020-05-06,6
Hemphill,2020-05-06,0
Henderson,2020-05-06,2
Hidalgo,2020-05-06,5
Hill,2020-05-06,0
Hockley,2020-05-06,0
Hood,2020-05-06,0
Hopkins,2020-05-06,0
Houston,2020-05-06,0
Howard,2020-05-06,0
Hudspeth,2020-05-06,0
Hunt,2020-05-06,3
Hutchinson,2020-05-06,0
Irion,2020-05-06,0
Jack,2020-05-06,0
Jackson,2020-05-06,0
Jasper,2020-05-06,0
Jeff Davis,2020-05-06,0
Jefferson,2020-05-06,1
Jim Hogg,2020-05-06,0
Jim Wells,2020-05-06,1
Johnson,2020-05-06,7
Jones,2020-05-06,0
Karnes,2020-05-06,0
Kaufman,2020-05-06,2
Kendall,2020-05-06,1
Kenedy,2020-05-06,0
Kent,2020-05-06,1
Kerr,2020-05-06,0
Kimble,2020-05-06,0
King,2020-05-06,0
Kinney,2020-05-06,0
Kleberg,2020-05-06,1
Knox,2020-05-06,0
Lamar,2020-05-06,1
Lamb,2020-05-06,0
Lampasas,2020-05-06,4
La Salle,2020-05-06,0
Lavaca,2020-05-06,1
Lee,2020-05-06,1
Leon,2020-05-06,0
Liberty,2020-05-06,2
Limestone,2020-05-06,0
Lipscomb,2020-05-06,0
Live Oak,2020-05-06,0
Llano,2020-05-06,0
Loving,2020-05-06,0
Lubbock,2020-05-06,2
Lynn,2020-05-06,0
McCulloch,2020-05-06,0
McLennan,2020-05-06,2
McMullen,2020-05-06,0
Madison,2020-05-06,0
Marion,2020-05-06,0
Martin,2020-05-06,0
Mason,2020-05-06,0
Matagorda,2020-05-06,0
Maverick,2020-05-06,1
Medina,2020-05-06,1
Menard,2020-05-06,0
Midland,2020-05-06,0
Milam,2020-05-06,0
Mills,2020-05-06,0
Mitchell,2020-05-06,0
Montague,2020-05-06,0
Montgomery,2020-05-06,2
Moore,2020-05-06,0
Morris,2020-05-06,0
Motley,2020-05-06,0
Nacogdoches,2020-05-06,2
Navarro,2020-05-06,0
Newton,2020-05-06,0
Nolan,2020-05-06,0
Nueces,2020-05-06,2
Ochiltree,2020-05-06,0
Oldham,2020-05-06,0
Orange,2020-05-06,0
Palo Pinto,2020-05-06,0
Panola,2020-05-06,0
Parker,2020-05-06,3
Parmer,2020-05-06,0
Pecos,2020-05-06,0
Polk,2020-05-06,2
Potter,2020-05-06,10
Presidio,2020-05-06,0
Rains,2020-05-06,0
Randall,2020-05-06,11
Reagan,2020-05-06,0
Real,2020-05-06,0
Red River,2020-05-06,0
Reeves,2020-05-06,0
Refugio,2020-05-06,0
Roberts,2020-05-06,0
Robertson,2020-05-06,0
Rockwall,2020-05-06,1
Runnels,2020-05-06,0
Rusk,2020-05-06,0
Sabine,2020-05-06,0
San Augustine,2020-05-06,0
San Jacinto,2020-05-06,0
San Patricio,2020-05-06,0
San Saba,2020-05-06,0
Schleicher,2020-05-06,0
Scurry,2020-05-06,0
Shackelford,2020-05-06,0
Shelby,2020-05-06,0
Sherman,2020-05-06,0
Smith,2020-05-06,5
Somervell,2020-05-06,0
Starr,2020-05-06,0
Stephens,2020-05-06,0
Sterling,2020-05-06,0
Stonewall,2020-05-06,0
Sutton,2020-05-06,0
Swisher,2020-05-06,0
Tarrant,2020-05-06,25
Taylor,2020-05-06,0
Terrell,2020-05-06,0
Terry,2020-05-06,0
Throckmorton,2020-05-06,0
Titus,2020-05-06,0
Tom Green,2020-05-06,3
Travis,2020-05-06,8
Trinity,2020-05-06,0
Tyler,2020-05-06,0
Upshur,2020-05-06,1
Upton,2020-05-06,0
Uvalde,2020-05-06,0
Val Verde,2020-05-06,0
Van Zandt,2020-05-06,2
Victoria,2020-05-06,0
Walker,2020-05-06,0
Waller,2020-05-06,0
Ward,2020-05-06,1
Washington,2020-05-06,0
Webb,2020-05-06,2
Wharton,2020-05-06,0
Wheeler,2020-05-06,0
Wichita,2020-05-06,0
Wilbarger,2020-05-06,0
Willacy,2020-05-06,0
Williamson,2020-05-06,6
Wilson,2020-05-06,1
Winkler,2020-05-06,0
Wise,2020-05-06,0
Wood,2020-05-06,1
Yoakum,2020-05-06,0
Young,2020-05-06,0
Zapata,2020-05-06,1
Zavala,2020-05-06,1
NA,2020-05-06,NA
NA,2020-05-06,NA
NA,2020-05-06,NA
Anderson,2020-05-07,0
Andrews,2020-05-07,0
Angelina,2020-05-07,3
Aransas,2020-05-07,0
Archer,2020-05-07,0
Armstrong,2020-05-07,0
Atascosa,2020-05-07,0
Austin,2020-05-07,0
Bailey,2020-05-07,0
Bandera,2020-05-07,0
Bastrop,2020-05-07,0
Baylor,2020-05-07,0
Bee,2020-05-07,0
Bell,2020-05-07,8
Bexar,2020-05-07,25
Blanco,2020-05-07,0
Borden,2020-05-07,0
Bosque,2020-05-07,0
Bowie,2020-05-07,1
Brazoria,2020-05-07,3
Brazos,2020-05-07,1
Brewster,2020-05-07,0
Briscoe,2020-05-07,0
Brooks,2020-05-07,0
Brown,2020-05-07,1
Burleson,2020-05-07,0
Burnet,2020-05-07,0
Caldwell,2020-05-07,1
Calhoun,2020-05-07,0
Callahan,2020-05-07,0
Cameron,2020-05-07,10
Camp,2020-05-07,0
Carson,2020-05-07,0
Cass,2020-05-07,0
Castro,2020-05-07,0
Chambers,2020-05-07,0
Cherokee,2020-05-07,2
Childress,2020-05-07,1
Clay,2020-05-07,0
Cochran,2020-05-07,0
Coke,2020-05-07,0
Coleman,2020-05-07,0
Collin,2020-05-07,9
Collingsworth,2020-05-07,0
Colorado,2020-05-07,0
Comal,2020-05-07,1
Comanche,2020-05-07,0
Concho,2020-05-07,0
Cooke,2020-05-07,0
Coryell,2020-05-07,1
Cottle,2020-05-07,0
Crane,2020-05-07,0
Crockett,2020-05-07,0
Crosby,2020-05-07,0
Culberson,2020-05-07,0
Dallam,2020-05-07,0
Dallas,2020-05-07,183
Dawson,2020-05-07,0
Deaf Smith,2020-05-07,1
Delta,2020-05-07,0
Denton,2020-05-07,7
DeWitt,2020-05-07,0
Dickens,2020-05-07,0
Dimmit,2020-05-07,0
Donley,2020-05-07,0
Duval,2020-05-07,0
Eastland,2020-05-07,0
Ector,2020-05-07,3
Edwards,2020-05-07,1
Ellis,2020-05-07,1
El Paso,2020-05-07,26
Erath,2020-05-07,1
Falls,2020-05-07,0
Fannin,2020-05-07,0
Fayette,2020-05-07,0
Fisher,2020-05-07,0
Floyd,2020-05-07,0
Foard,2020-05-07,0
Fort Bend,2020-05-07,1
Franklin,2020-05-07,0
Freestone,2020-05-07,0
Frio,2020-05-07,1
Gaines,2020-05-07,0
Galveston,2020-05-07,1
Garza,2020-05-07,0
Gillespie,2020-05-07,0
Glasscock,2020-05-07,0
Goliad,2020-05-07,0
Gonzales,2020-05-07,1
Gray,2020-05-07,0
Grayson,2020-05-07,0
Gregg,2020-05-07,1
Grimes,2020-05-07,0
Guadalupe,2020-05-07,2
Hale,2020-05-07,0
Hall,2020-05-07,0
Hamilton,2020-05-07,0
Hansford,2020-05-07,0
Hardeman,2020-05-07,0
Hardin,2020-05-07,0
Harris,2020-05-07,24
Harrison,2020-05-07,0
Hartley,2020-05-07,0
Haskell,2020-05-07,0
Hays,2020-05-07,1
Hemphill,2020-05-07,0
Henderson,2020-05-07,2
Hidalgo,2020-05-07,8
Hill,2020-05-07,1
Hockley,2020-05-07,1
Hood,2020-05-07,1
Hopkins,2020-05-07,0
Houston,2020-05-07,0
Howard,2020-05-07,0
Hudspeth,2020-05-07,0
Hunt,2020-05-07,1
Hutchinson,2020-05-07,0
Irion,2020-05-07,0
Jack,2020-05-07,0
Jackson,2020-05-07,0
Jasper,2020-05-07,1
Jeff Davis,2020-05-07,0
Jefferson,2020-05-07,2
Jim Hogg,2020-05-07,0
Jim Wells,2020-05-07,0
Johnson,2020-05-07,2
Jones,2020-05-07,0
Karnes,2020-05-07,0
Kaufman,2020-05-07,2
Kendall,2020-05-07,0
Kenedy,2020-05-07,0
Kent,2020-05-07,0
Kerr,2020-05-07,0
Kimble,2020-05-07,0
King,2020-05-07,0
Kinney,2020-05-07,0
Kleberg,2020-05-07,0
Knox,2020-05-07,0
Lamar,2020-05-07,0
Lamb,2020-05-07,0
Lampasas,2020-05-07,2
La Salle,2020-05-07,0
Lavaca,2020-05-07,0
Lee,2020-05-07,0
Leon,2020-05-07,0
Liberty,2020-05-07,1
Limestone,2020-05-07,0
Lipscomb,2020-05-07,0
Live Oak,2020-05-07,0
Llano,2020-05-07,0
Loving,2020-05-07,0
Lubbock,2020-05-07,3
Lynn,2020-05-07,0
McCulloch,2020-05-07,0
McLennan,2020-05-07,8
McMullen,2020-05-07,0
Madison,2020-05-07,0
Marion,2020-05-07,0
Martin,2020-05-07,0
Mason,2020-05-07,0
Matagorda,2020-05-07,0
Maverick,2020-05-07,0
Medina,2020-05-07,0
Menard,2020-05-07,0
Midland,2020-05-07,0
Milam,2020-05-07,0
Mills,2020-05-07,0
Mitchell,2020-05-07,0
Montague,2020-05-07,1
Montgomery,2020-05-07,1
Moore,2020-05-07,0
Morris,2020-05-07,0
Motley,2020-05-07,0
Nacogdoches,2020-05-07,1
Navarro,2020-05-07,2
Newton,2020-05-07,0
Nolan,2020-05-07,0
Nueces,2020-05-07,3
Ochiltree,2020-05-07,0
Oldham,2020-05-07,0
Orange,2020-05-07,1
Palo Pinto,2020-05-07,0
Panola,2020-05-07,0
Parker,2020-05-07,1
Parmer,2020-05-07,0
Pecos,2020-05-07,0
Polk,2020-05-07,0
Potter,2020-05-07,5
Presidio,2020-05-07,0
Rains,2020-05-07,0
Randall,2020-05-07,8
Reagan,2020-05-07,0
Real,2020-05-07,0
Red River,2020-05-07,1
Reeves,2020-05-07,0
Refugio,2020-05-07,0
Roberts,2020-05-07,0
Robertson,2020-05-07,0
Rockwall,2020-05-07,0
Runnels,2020-05-07,0
Rusk,2020-05-07,0
Sabine,2020-05-07,0
San Augustine,2020-05-07,0
San Jacinto,2020-05-07,0
San Patricio,2020-05-07,1
San Saba,2020-05-07,0
Schleicher,2020-05-07,0
Scurry,2020-05-07,0
Shackelford,2020-05-07,0
Shelby,2020-05-07,1
Sherman,2020-05-07,0
Smith,2020-05-07,7
Somervell,2020-05-07,0
Starr,2020-05-07,0
Stephens,2020-05-07,0
Sterling,2020-05-07,0
Stonewall,2020-05-07,0
Sutton,2020-05-07,0
Swisher,2020-05-07,0
Tarrant,2020-05-07,26
Taylor,2020-05-07,0
Terrell,2020-05-07,0
Terry,2020-05-07,0
Throckmorton,2020-05-07,0
Titus,2020-05-07,0
Tom Green,2020-05-07,2
Travis,2020-05-07,8
Trinity,2020-05-07,0
Tyler,2020-05-07,1
Upshur,2020-05-07,1
Upton,2020-05-07,0
Uvalde,2020-05-07,2
Val Verde,2020-05-07,0
Van Zandt,2020-05-07,0
Victoria,2020-05-07,0
Walker,2020-05-07,3
Waller,2020-05-07,0
Ward,2020-05-07,0
Washington,2020-05-07,0
Webb,2020-05-07,1
Wharton,2020-05-07,0
Wheeler,2020-05-07,0
Wichita,2020-05-07,0
Wilbarger,2020-05-07,0
Willacy,2020-05-07,1
Williamson,2020-05-07,4
Wilson,2020-05-07,2
Winkler,2020-05-07,0
Wise,2020-05-07,1
Wood,2020-05-07,1
Yoakum,2020-05-07,0
Young,2020-05-07,0
Zapata,2020-05-07,0
Zavala,2020-05-07,1
NA,2020-05-07,NA
NA,2020-05-07,NA
NA,2020-05-07,NA
Anderson,2020-05-08,5
Andrews,2020-05-08,0
Angelina,2020-05-08,0
Aransas,2020-05-08,0
Archer,2020-05-08,0
Armstrong,2020-05-08,0
Atascosa,2020-05-08,1
Austin,2020-05-08,0
Bailey,2020-05-08,0
Bandera,2020-05-08,0
Bastrop,2020-05-08,0
Baylor,2020-05-08,0
Bee,2020-05-08,0
Bell,2020-05-08,9
Bexar,2020-05-08,13
Blanco,2020-05-08,1
Borden,2020-05-08,0
Bosque,2020-05-08,0
Bowie,2020-05-08,3
Brazoria,2020-05-08,4
Brazos,2020-05-08,0
Brewster,2020-05-08,0
Briscoe,2020-05-08,0
Brooks,2020-05-08,0
Brown,2020-05-08,1
Burleson,2020-05-08,0
Burnet,2020-05-08,0
Caldwell,2020-05-08,2
Calhoun,2020-05-08,0
Callahan,2020-05-08,0
Cameron,2020-05-08,6
Camp,2020-05-08,1
Carson,2020-05-08,0
Cass,2020-05-08,1
Castro,2020-05-08,0
Chambers,2020-05-08,0
Cherokee,2020-05-08,1
Childress,2020-05-08,0
Clay,2020-05-08,0
Cochran,2020-05-08,0
Coke,2020-05-08,0
Coleman,2020-05-08,0
Collin,2020-05-08,9
Collingsworth,2020-05-08,0
Colorado,2020-05-08,0
Comal,2020-05-08,1
Comanche,2020-05-08,0
Concho,2020-05-08,0
Cooke,2020-05-08,0
Coryell,2020-05-08,0
Cottle,2020-05-08,0
Crane,2020-05-08,0
Crockett,2020-05-08,0
Crosby,2020-05-08,0
Culberson,2020-05-08,0
Dallam,2020-05-08,0
Dallas,2020-05-08,132
Dawson,2020-05-08,0
Deaf Smith,2020-05-08,0
Delta,2020-05-08,0
Denton,2020-05-08,4
DeWitt,2020-05-08,0
Dickens,2020-05-08,0
Dimmit,2020-05-08,0
Donley,2020-05-08,0
Duval,2020-05-08,0
Eastland,2020-05-08,0
Ector,2020-05-08,3
Edwards,2020-05-08,0
Ellis,2020-05-08,3
El Paso,2020-05-08,16
Erath,2020-05-08,0
Falls,2020-05-08,0
Fannin,2020-05-08,1
Fayette,2020-05-08,1
Fisher,2020-05-08,0
Floyd,2020-05-08,0
Foard,2020-05-08,0
Fort Bend,2020-05-08,1
Franklin,2020-05-08,0
Freestone,2020-05-08,0
Frio,2020-05-08,0
Gaines,2020-05-08,0
Galveston,2020-05-08,1
Garza,2020-05-08,0
Gillespie,2020-05-08,1
Glasscock,2020-05-08,0
Goliad,2020-05-08,0
Gonzales,2020-05-08,0
Gray,2020-05-08,0
Grayson,2020-05-08,2
Gregg,2020-05-08,1
Grimes,2020-05-08,0
Guadalupe,2020-05-08,3
Hale,2020-05-08,1
Hall,2020-05-08,0
Hamilton,2020-05-08,0
Hansford,2020-05-08,0
Hardeman,2020-05-08,0
Hardin,2020-05-08,1
Harris,2020-05-08,21
Harrison,2020-05-08,0
Hartley,2020-05-08,0
Haskell,2020-05-08,0
Hays,2020-05-08,2
Hemphill,2020-05-08,0
Henderson,2020-05-08,1
Hidalgo,2020-05-08,8
Hill,2020-05-08,1
Hockley,2020-05-08,0
Hood,2020-05-08,0
Hopkins,2020-05-08,0
Houston,2020-05-08,1
Howard,2020-05-08,0
Hudspeth,2020-05-08,0
Hunt,2020-05-08,1
Hutchinson,2020-05-08,0
Irion,2020-05-08,0
Jack,2020-05-08,0
Jackson,2020-05-08,0
Jasper,2020-05-08,1
Jeff Davis,2020-05-08,0
Jefferson,2020-05-08,1
Jim Hogg,2020-05-08,0
Jim Wells,2020-05-08,0
Johnson,2020-05-08,5
Jones,2020-05-08,0
Karnes,2020-05-08,0
Kaufman,2020-05-08,1
Kendall,2020-05-08,0
Kenedy,2020-05-08,0
Kent,2020-05-08,1
Kerr,2020-05-08,0
Kimble,2020-05-08,0
King,2020-05-08,0
Kinney,2020-05-08,0
Kleberg,2020-05-08,0
Knox,2020-05-08,0
Lamar,2020-05-08,0
Lamb,2020-05-08,0
Lampasas,2020-05-08,2
La Salle,2020-05-08,0
Lavaca,2020-05-08,0
Lee,2020-05-08,0
Leon,2020-05-08,0
Liberty,2020-05-08,0
Limestone,2020-05-08,2
Lipscomb,2020-05-08,0
Live Oak,2020-05-08,0
Llano,2020-05-08,0
Loving,2020-05-08,0
Lubbock,2020-05-08,2
Lynn,2020-05-08,0
McCulloch,2020-05-08,0
McLennan,2020-05-08,9
McMullen,2020-05-08,0
Madison,2020-05-08,0
Marion,2020-05-08,0
Martin,2020-05-08,0
Mason,2020-05-08,0
Matagorda,2020-05-08,0
Maverick,2020-05-08,0
Medina,2020-05-08,0
Menard,2020-05-08,0
Midland,2020-05-08,0
Milam,2020-05-08,0
Mills,2020-05-08,0
Mitchell,2020-05-08,0
Montague,2020-05-08,1
Montgomery,2020-05-08,3
Moore,2020-05-08,0
Morris,2020-05-08,0
Motley,2020-05-08,0
Nacogdoches,2020-05-08,0
Navarro,2020-05-08,0
Newton,2020-05-08,0
Nolan,2020-05-08,0
Nueces,2020-05-08,1
Ochiltree,2020-05-08,0
Oldham,2020-05-08,0
Orange,2020-05-08,0
Palo Pinto,2020-05-08,0
Panola,2020-05-08,0
Parker,2020-05-08,0
Parmer,2020-05-08,0
Pecos,2020-05-08,0
Polk,2020-05-08,0
Potter,2020-05-08,10
Presidio,2020-05-08,0
Rains,2020-05-08,0
Randall,2020-05-08,3
Reagan,2020-05-08,0
Real,2020-05-08,0
Red River,2020-05-08,0
Reeves,2020-05-08,0
Refugio,2020-05-08,0
Roberts,2020-05-08,0
Robertson,2020-05-08,0
Rockwall,2020-05-08,1
Runnels,2020-05-08,0
Rusk,2020-05-08,0
Sabine,2020-05-08,0
San Augustine,2020-05-08,0
San Jacinto,2020-05-08,0
San Patricio,2020-05-08,0
San Saba,2020-05-08,0
Schleicher,2020-05-08,0
Scurry,2020-05-08,0
Shackelford,2020-05-08,0
Shelby,2020-05-08,0
Sherman,2020-05-08,0
Smith,2020-05-08,8
Somervell,2020-05-08,0
Starr,2020-05-08,0
Stephens,2020-05-08,0
Sterling,2020-05-08,0
Stonewall,2020-05-08,0
Sutton,2020-05-08,0
Swisher,2020-05-08,0
Tarrant,2020-05-08,32
Taylor,2020-05-08,1
Terrell,2020-05-08,0
Terry,2020-05-08,0
Throckmorton,2020-05-08,0
Titus,2020-05-08,0
Tom Green,2020-05-08,3
Travis,2020-05-08,8
Trinity,2020-05-08,0
Tyler,2020-05-08,0
Upshur,2020-05-08,1
Upton,2020-05-08,0
Uvalde,2020-05-08,0
Val Verde,2020-05-08,0
Van Zandt,2020-05-08,3
Victoria,2020-05-08,1
Walker,2020-05-08,0
Waller,2020-05-08,0
Ward,2020-05-08,0
Washington,2020-05-08,0
Webb,2020-05-08,0
Wharton,2020-05-08,1
Wheeler,2020-05-08,0
Wichita,2020-05-08,0
Wilbarger,2020-05-08,0
Willacy,2020-05-08,0
Williamson,2020-05-08,4
Wilson,2020-05-08,0
Winkler,2020-05-08,0
Wise,2020-05-08,0
Wood,2020-05-08,0
Yoakum,2020-05-08,0
Young,2020-05-08,0
Zapata,2020-05-08,0
Zavala,2020-05-08,0
NA,2020-05-08,NA
NA,2020-05-08,NA
NA,2020-05-08,NA
Anderson,2020-05-09,1
Andrews,2020-05-09,0
Angelina,2020-05-09,1
Aransas,2020-05-09,1
Archer,2020-05-09,0
Armstrong,2020-05-09,0
Atascosa,2020-05-09,0
Austin,2020-05-09,0
Bailey,2020-05-09,0
Bandera,2020-05-09,0
Bastrop,2020-05-09,1
Baylor,2020-05-09,0
Bee,2020-05-09,0
Bell,2020-05-09,10
Bexar,2020-05-09,19
Blanco,2020-05-09,0
Borden,2020-05-09,0
Bosque,2020-05-09,0
Bowie,2020-05-09,3
Brazoria,2020-05-09,4
Brazos,2020-05-09,1
Brewster,2020-05-09,0
Briscoe,2020-05-09,0
Brooks,2020-05-09,0
Brown,2020-05-09,1
Burleson,2020-05-09,0
Burnet,2020-05-09,0
Caldwell,2020-05-09,0
Calhoun,2020-05-09,0
Callahan,2020-05-09,0
Cameron,2020-05-09,5
Camp,2020-05-09,0
Carson,2020-05-09,0
Cass,2020-05-09,0
Castro,2020-05-09,0
Chambers,2020-05-09,0
Cherokee,2020-05-09,0
Childress,2020-05-09,0
Clay,2020-05-09,0
Cochran,2020-05-09,0
Coke,2020-05-09,0
Coleman,2020-05-09,0
Collin,2020-05-09,16
Collingsworth,2020-05-09,0
Colorado,2020-05-09,0
Comal,2020-05-09,0
Comanche,2020-05-09,0
Concho,2020-05-09,0
Cooke,2020-05-09,0
Coryell,2020-05-09,1
Cottle,2020-05-09,0
Crane,2020-05-09,0
Crockett,2020-05-09,0
Crosby,2020-05-09,0
Culberson,2020-05-09,0
Dallam,2020-05-09,0
Dallas,2020-05-09,145
Dawson,2020-05-09,0
Deaf Smith,2020-05-09,0
Delta,2020-05-09,0
Denton,2020-05-09,7
DeWitt,2020-05-09,0
Dickens,2020-05-09,0
Dimmit,2020-05-09,0
Donley,2020-05-09,0
Duval,2020-05-09,0
Eastland,2020-05-09,0
Ector,2020-05-09,4
Edwards,2020-05-09,0
Ellis,2020-05-09,2
El Paso,2020-05-09,14
Erath,2020-05-09,0
Falls,2020-05-09,0
Fannin,2020-05-09,0
Fayette,2020-05-09,0
Fisher,2020-05-09,0
Floyd,2020-05-09,0
Foard,2020-05-09,0
Fort Bend,2020-05-09,3
Franklin,2020-05-09,0
Freestone,2020-05-09,0
Frio,2020-05-09,0
Gaines,2020-05-09,0
Galveston,2020-05-09,3
Garza,2020-05-09,0
Gillespie,2020-05-09,1
Glasscock,2020-05-09,0
Goliad,2020-05-09,0
Gonzales,2020-05-09,0
Gray,2020-05-09,0
Grayson,2020-05-09,2
Gregg,2020-05-09,1
Grimes,2020-05-09,0
Guadalupe,2020-05-09,2
Hale,2020-05-09,0
Hall,2020-05-09,0
Hamilton,2020-05-09,0
Hansford,2020-05-09,0
Hardeman,2020-05-09,0
Hardin,2020-05-09,1
Harris,2020-05-09,16
Harrison,2020-05-09,0
Hartley,2020-05-09,0
Haskell,2020-05-09,0
Hays,2020-05-09,0
Hemphill,2020-05-09,0
Henderson,2020-05-09,2
Hidalgo,2020-05-09,8
Hill,2020-05-09,0
Hockley,2020-05-09,0
Hood,2020-05-09,0
Hopkins,2020-05-09,0
Houston,2020-05-09,1
Howard,2020-05-09,1
Hudspeth,2020-05-09,1
Hunt,2020-05-09,1
Hutchinson,2020-05-09,0
Irion,2020-05-09,0
Jack,2020-05-09,0
Jackson,2020-05-09,0
Jasper,2020-05-09,0
Jeff Davis,2020-05-09,0
Jefferson,2020-05-09,2
Jim Hogg,2020-05-09,0
Jim Wells,2020-05-09,0
Johnson,2020-05-09,9
Jones,2020-05-09,0
Karnes,2020-05-09,1
Kaufman,2020-05-09,0
Kendall,2020-05-09,1
Kenedy,2020-05-09,0
Kent,2020-05-09,0
Kerr,2020-05-09,0
Kimble,2020-05-09,0
King,2020-05-09,0
Kinney,2020-05-09,0
Kleberg,2020-05-09,0
Knox,2020-05-09,0
Lamar,2020-05-09,0
Lamb,2020-05-09,0
Lampasas,2020-05-09,1
La Salle,2020-05-09,0
Lavaca,2020-05-09,1
Lee,2020-05-09,0
Leon,2020-05-09,0
Liberty,2020-05-09,0
Limestone,2020-05-09,1
Lipscomb,2020-05-09,0
Live Oak,2020-05-09,0
Llano,2020-05-09,0
Loving,2020-05-09,0
Lubbock,2020-05-09,1
Lynn,2020-05-09,0
McCulloch,2020-05-09,0
McLennan,2020-05-09,11
McMullen,2020-05-09,0
Madison,2020-05-09,0
Marion,2020-05-09,0
Martin,2020-05-09,0
Mason,2020-05-09,0
Matagorda,2020-05-09,0
Maverick,2020-05-09,0
Medina,2020-05-09,0
Menard,2020-05-09,0
Midland,2020-05-09,0
Milam,2020-05-09,1
Mills,2020-05-09,0
Mitchell,2020-05-09,0
Montague,2020-05-09,0
Montgomery,2020-05-09,0
Moore,2020-05-09,0
Morris,2020-05-09,0
Motley,2020-05-09,0
Nacogdoches,2020-05-09,0
Navarro,2020-05-09,0
Newton,2020-05-09,0
Nolan,2020-05-09,0
Nueces,2020-05-09,3
Ochiltree,2020-05-09,0
Oldham,2020-05-09,0
Orange,2020-05-09,0
Palo Pinto,2020-05-09,0
Panola,2020-05-09,1
Parker,2020-05-09,0
Parmer,2020-05-09,0
Pecos,2020-05-09,0
Polk,2020-05-09,0
Potter,2020-05-09,7
Presidio,2020-05-09,0
Rains,2020-05-09,0
Randall,2020-05-09,2
Reagan,2020-05-09,0
Real,2020-05-09,0
Red River,2020-05-09,1
Reeves,2020-05-09,0
Refugio,2020-05-09,0
Roberts,2020-05-09,0
Robertson,2020-05-09,0
Rockwall,2020-05-09,0
Runnels,2020-05-09,0
Rusk,2020-05-09,0
Sabine,2020-05-09,0
San Augustine,2020-05-09,0
San Jacinto,2020-05-09,0
San Patricio,2020-05-09,0
San Saba,2020-05-09,0
Schleicher,2020-05-09,0
Scurry,2020-05-09,1
Shackelford,2020-05-09,0
Shelby,2020-05-09,0
Sherman,2020-05-09,0
Smith,2020-05-09,9
Somervell,2020-05-09,0
Starr,2020-05-09,1
Stephens,2020-05-09,1
Sterling,2020-05-09,0
Stonewall,2020-05-09,0
Sutton,2020-05-09,0
Swisher,2020-05-09,0
Tarrant,2020-05-09,38
Taylor,2020-05-09,0
Terrell,2020-05-09,0
Terry,2020-05-09,0
Throckmorton,2020-05-09,0
Titus,2020-05-09,0
Tom Green,2020-05-09,3
Travis,2020-05-09,5
Trinity,2020-05-09,0
Tyler,2020-05-09,0
Upshur,2020-05-09,0
Upton,2020-05-09,0
Uvalde,2020-05-09,0
Val Verde,2020-05-09,0
Van Zandt,2020-05-09,1
Victoria,2020-05-09,2
Walker,2020-05-09,0
Waller,2020-05-09,0
Ward,2020-05-09,0
Washington,2020-05-09,0
Webb,2020-05-09,3
Wharton,2020-05-09,0
Wheeler,2020-05-09,0
Wichita,2020-05-09,0
Wilbarger,2020-05-09,0
Willacy,2020-05-09,0
Williamson,2020-05-09,6
Wilson,2020-05-09,0
Winkler,2020-05-09,0
Wise,2020-05-09,1
Wood,2020-05-09,2
Yoakum,2020-05-09,0
Young,2020-05-09,0
Zapata,2020-05-09,0
Zavala,2020-05-09,0
NA,2020-05-09,NA
NA,2020-05-09,NA
NA,2020-05-09,NA
Anderson,2020-05-10,1
Andrews,2020-05-10,0
Angelina,2020-05-10,5
Aransas,2020-05-10,1
Archer,2020-05-10,0
Armstrong,2020-05-10,0
Atascosa,2020-05-10,2
Austin,2020-05-10,0
Bailey,2020-05-10,0
Bandera,2020-05-10,0
Bastrop,2020-05-10,2
Baylor,2020-05-10,0
Bee,2020-05-10,0
Bell,2020-05-10,12
Bexar,2020-05-10,12
Blanco,2020-05-10,0
Borden,2020-05-10,1
Bosque,2020-05-10,0
Bowie,2020-05-10,0
Brazoria,2020-05-10,0
Brazos,2020-05-10,0
Brewster,2020-05-10,0
Briscoe,2020-05-10,0
Brooks,2020-05-10,0
Brown,2020-05-10,0
Burleson,2020-05-10,0
Burnet,2020-05-10,0
Caldwell,2020-05-10,0
Calhoun,2020-05-10,0
Callahan,2020-05-10,0
Cameron,2020-05-10,5
Camp,2020-05-10,0
Carson,2020-05-10,0
Cass,2020-05-10,0
Castro,2020-05-10,0
Chambers,2020-05-10,0
Cherokee,2020-05-10,1
Childress,2020-05-10,0
Clay,2020-05-10,0
Cochran,2020-05-10,0
Coke,2020-05-10,0
Coleman,2020-05-10,0
Collin,2020-05-10,9
Collingsworth,2020-05-10,0
Colorado,2020-05-10,0
Comal,2020-05-10,0
Comanche,2020-05-10,0
Concho,2020-05-10,0
Cooke,2020-05-10,0
Coryell,2020-05-10,3
Cottle,2020-05-10,0
Crane,2020-05-10,0
Crockett,2020-05-10,0
Crosby,2020-05-10,0
Culberson,2020-05-10,0
Dallam,2020-05-10,0
Dallas,2020-05-10,101
Dawson,2020-05-10,0
Deaf Smith,2020-05-10,1
Delta,2020-05-10,0
Denton,2020-05-10,5
DeWitt,2020-05-10,0
Dickens,2020-05-10,0
Dimmit,2020-05-10,0
Donley,2020-05-10,1
Duval,2020-05-10,1
Eastland,2020-05-10,0
Ector,2020-05-10,3
Edwards,2020-05-10,0
Ellis,2020-05-10,2
El Paso,2020-05-10,9
Erath,2020-05-10,0
Falls,2020-05-10,0
Fannin,2020-05-10,0
Fayette,2020-05-10,0
Fisher,2020-05-10,0
Floyd,2020-05-10,0
Foard,2020-05-10,0
Fort Bend,2020-05-10,1
Franklin,2020-05-10,0
Freestone,2020-05-10,0
Frio,2020-05-10,0
Gaines,2020-05-10,0
Galveston,2020-05-10,6
Garza,2020-05-10,0
Gillespie,2020-05-10,1
Glasscock,2020-05-10,0
Goliad,2020-05-10,0
Gonzales,2020-05-10,0
Gray,2020-05-10,0
Grayson,2020-05-10,5
Gregg,2020-05-10,1
Grimes,2020-05-10,0
Guadalupe,2020-05-10,12
Hale,2020-05-10,1
Hall,2020-05-10,0
Hamilton,2020-05-10,0
Hansford,2020-05-10,0
Hardeman,2020-05-10,0
Hardin,2020-05-10,0
Harris,2020-05-10,22
Harrison,2020-05-10,0
Hartley,2020-05-10,0
Haskell,2020-05-10,0
Hays,2020-05-10,1
Hemphill,2020-05-10,0
Henderson,2020-05-10,1
Hidalgo,2020-05-10,17
Hill,2020-05-10,0
Hockley,2020-05-10,0
Hood,2020-05-10,2
Hopkins,2020-05-10,1
Houston,2020-05-10,1
Howard,2020-05-10,1
Hudspeth,2020-05-10,0
Hunt,2020-05-10,2
Hutchinson,2020-05-10,0
Irion,2020-05-10,0
Jack,2020-05-10,0
Jackson,2020-05-10,0
Jasper,2020-05-10,0
Jeff Davis,2020-05-10,0
Jefferson,2020-05-10,0
Jim Hogg,2020-05-10,0
Jim Wells,2020-05-10,0
Johnson,2020-05-10,3
Jones,2020-05-10,0
Karnes,2020-05-10,0
Kaufman,2020-05-10,2
Kendall,2020-05-10,0
Kenedy,2020-05-10,0
Kent,2020-05-10,0
Kerr,2020-05-10,0
Kimble,2020-05-10,0
King,2020-05-10,0
Kinney,2020-05-10,0
Kleberg,2020-05-10,0
Knox,2020-05-10,0
Lamar,2020-05-10,0
Lamb,2020-05-10,1
Lampasas,2020-05-10,0
La Salle,2020-05-10,0
Lavaca,2020-05-10,0
Lee,2020-05-10,0
Leon,2020-05-10,0
Liberty,2020-05-10,0
Limestone,2020-05-10,0
Lipscomb,2020-05-10,1
Live Oak,2020-05-10,1
Llano,2020-05-10,0
Loving,2020-05-10,0
Lubbock,2020-05-10,4
Lynn,2020-05-10,0
McCulloch,2020-05-10,0
McLennan,2020-05-10,6
McMullen,2020-05-10,0
Madison,2020-05-10,1
Marion,2020-05-10,1
Martin,2020-05-10,0
Mason,2020-05-10,0
Matagorda,2020-05-10,0
Maverick,2020-05-10,1
Medina,2020-05-10,1
Menard,2020-05-10,0
Midland,2020-05-10,1
Milam,2020-05-10,0
Mills,2020-05-10,0
Mitchell,2020-05-10,0
Montague,2020-05-10,0
Montgomery,2020-05-10,2
Moore,2020-05-10,0
Morris,2020-05-10,0
Motley,2020-05-10,0
Nacogdoches,2020-05-10,0
Navarro,2020-05-10,0
Newton,2020-05-10,0
Nolan,2020-05-10,1
Nueces,2020-05-10,3
Ochiltree,2020-05-10,0
Oldham,2020-05-10,0
Orange,2020-05-10,2
Palo Pinto,2020-05-10,0
Panola,2020-05-10,0
Parker,2020-05-10,1
Parmer,2020-05-10,0
Pecos,2020-05-10,0
Polk,2020-05-10,3
Potter,2020-05-10,12
Presidio,2020-05-10,0
Rains,2020-05-10,0
Randall,2020-05-10,9
Reagan,2020-05-10,0
Real,2020-05-10,0
Red River,2020-05-10,0
Reeves,2020-05-10,0
Refugio,2020-05-10,0
Roberts,2020-05-10,0
Robertson,2020-05-10,0
Rockwall,2020-05-10,0
Runnels,2020-05-10,0
Rusk,2020-05-10,0
Sabine,2020-05-10,0
San Augustine,2020-05-10,0
San Jacinto,2020-05-10,0
San Patricio,2020-05-10,1
San Saba,2020-05-10,0
Schleicher,2020-05-10,0
Scurry,2020-05-10,0
Shackelford,2020-05-10,0
Shelby,2020-05-10,1
Sherman,2020-05-10,0
Smith,2020-05-10,6
Somervell,2020-05-10,0
Starr,2020-05-10,0
Stephens,2020-05-10,0
Sterling,2020-05-10,0
Stonewall,2020-05-10,0
Sutton,2020-05-10,0
Swisher,2020-05-10,0
Tarrant,2020-05-10,19
Taylor,2020-05-10,1
Terrell,2020-05-10,0
Terry,2020-05-10,0
Throckmorton,2020-05-10,0
Titus,2020-05-10,0
Tom Green,2020-05-10,0
Travis,2020-05-10,7
Trinity,2020-05-10,0
Tyler,2020-05-10,0
Upshur,2020-05-10,0
Upton,2020-05-10,0
Uvalde,2020-05-10,1
Val Verde,2020-05-10,0
Van Zandt,2020-05-10,0
Victoria,2020-05-10,0
Walker,2020-05-10,1
Waller,2020-05-10,0
Ward,2020-05-10,0
Washington,2020-05-10,0
Webb,2020-05-10,3
Wharton,2020-05-10,0
Wheeler,2020-05-10,0
Wichita,2020-05-10,1
Wilbarger,2020-05-10,0
Willacy,2020-05-10,0
Williamson,2020-05-10,4
Wilson,2020-05-10,1
Winkler,2020-05-10,0
Wise,2020-05-10,0
Wood,2020-05-10,1
Yoakum,2020-05-10,0
Young,2020-05-10,0
Zapata,2020-05-10,0
Zavala,2020-05-10,0
NA,2020-05-10,NA
NA,2020-05-10,NA
NA,2020-05-10,NA
Anderson,2020-05-11,1
Andrews,2020-05-11,0
Angelina,2020-05-11,4
Aransas,2020-05-11,2
Archer,2020-05-11,0
Armstrong,2020-05-11,0
Atascosa,2020-05-11,3
Austin,2020-05-11,1
Bailey,2020-05-11,0
Bandera,2020-05-11,0
Bastrop,2020-05-11,1
Baylor,2020-05-11,0
Bee,2020-05-11,2
Bell,2020-05-11,8
Bexar,2020-05-11,23
Blanco,2020-05-11,0
Borden,2020-05-11,0
Bosque,2020-05-11,0
Bowie,2020-05-11,0
Brazoria,2020-05-11,10
Brazos,2020-05-11,0
Brewster,2020-05-11,0
Briscoe,2020-05-11,0
Brooks,2020-05-11,0
Brown,2020-05-11,0
Burleson,2020-05-11,0
Burnet,2020-05-11,1
Caldwell,2020-05-11,0
Calhoun,2020-05-11,0
Callahan,2020-05-11,0
Cameron,2020-05-11,9
Camp,2020-05-11,1
Carson,2020-05-11,0
Cass,2020-05-11,0
Castro,2020-05-11,0
Chambers,2020-05-11,1
Cherokee,2020-05-11,1
Childress,2020-05-11,0
Clay,2020-05-11,0
Cochran,2020-05-11,0
Coke,2020-05-11,0
Coleman,2020-05-11,0
Collin,2020-05-11,8
Collingsworth,2020-05-11,0
Colorado,2020-05-11,0
Comal,2020-05-11,0
Comanche,2020-05-11,0
Concho,2020-05-11,0
Cooke,2020-05-11,0
Coryell,2020-05-11,0
Cottle,2020-05-11,0
Crane,2020-05-11,0
Crockett,2020-05-11,0
Crosby,2020-05-11,0
Culberson,2020-05-11,0
Dallam,2020-05-11,0
Dallas,2020-05-11,158
Dawson,2020-05-11,0
Deaf Smith,2020-05-11,0
Delta,2020-05-11,1
Denton,2020-05-11,8
DeWitt,2020-05-11,0
Dickens,2020-05-11,0
Dimmit,2020-05-11,0
Donley,2020-05-11,0
Duval,2020-05-11,0
Eastland,2020-05-11,0
Ector,2020-05-11,2
Edwards,2020-05-11,0
Ellis,2020-05-11,3
El Paso,2020-05-11,10
Erath,2020-05-11,0
Falls,2020-05-11,0
Fannin,2020-05-11,1
Fayette,2020-05-11,0
Fisher,2020-05-11,0
Floyd,2020-05-11,0
Foard,2020-05-11,0
Fort Bend,2020-05-11,0
Franklin,2020-05-11,0
Freestone,2020-05-11,0
Frio,2020-05-11,1
Gaines,2020-05-11,0
Galveston,2020-05-11,2
Garza,2020-05-11,0
Gillespie,2020-05-11,0
Glasscock,2020-05-11,0
Goliad,2020-05-11,0
Gonzales,2020-05-11,0
Gray,2020-05-11,0
Grayson,2020-05-11,0
Gregg,2020-05-11,2
Grimes,2020-05-11,0
Guadalupe,2020-05-11,0
Hale,2020-05-11,1
Hall,2020-05-11,0
Hamilton,2020-05-11,0
Hansford,2020-05-11,0
Hardeman,2020-05-11,0
Hardin,2020-05-11,2
Harris,2020-05-11,28
Harrison,2020-05-11,1
Hartley,2020-05-11,0
Haskell,2020-05-11,1
Hays,2020-05-11,3
Hemphill,2020-05-11,0
Henderson,2020-05-11,1
Hidalgo,2020-05-11,2
Hill,2020-05-11,1
Hockley,2020-05-11,0
Hood,2020-05-11,0
Hopkins,2020-05-11,1
Houston,2020-05-11,0
Howard,2020-05-11,0
Hudspeth,2020-05-11,0
Hunt,2020-05-11,1
Hutchinson,2020-05-11,0
Irion,2020-05-11,0
Jack,2020-05-11,0
Jackson,2020-05-11,0
Jasper,2020-05-11,1
Jeff Davis,2020-05-11,0
Jefferson,2020-05-11,1
Jim Hogg,2020-05-11,0
Jim Wells,2020-05-11,0
Johnson,2020-05-11,4
Jones,2020-05-11,0
Karnes,2020-05-11,0
Kaufman,2020-05-11,1
Kendall,2020-05-11,0
Kenedy,2020-05-11,0
Kent,2020-05-11,1
Kerr,2020-05-11,0
Kimble,2020-05-11,0
King,2020-05-11,0
Kinney,2020-05-11,0
Kleberg,2020-05-11,0
Knox,2020-05-11,0
Lamar,2020-05-11,0
Lamb,2020-05-11,0
Lampasas,2020-05-11,4
La Salle,2020-05-11,0
Lavaca,2020-05-11,0
Lee,2020-05-11,0
Leon,2020-05-11,0
Liberty,2020-05-11,0
Limestone,2020-05-11,1
Lipscomb,2020-05-11,0
Live Oak,2020-05-11,1
Llano,2020-05-11,1
Loving,2020-05-11,0
Lubbock,2020-05-11,1
Lynn,2020-05-11,0
McCulloch,2020-05-11,0
McLennan,2020-05-11,5
McMullen,2020-05-11,0
Madison,2020-05-11,0
Marion,2020-05-11,0
Martin,2020-05-11,0
Mason,2020-05-11,0
Matagorda,2020-05-11,0
Maverick,2020-05-11,1
Medina,2020-05-11,3
Menard,2020-05-11,0
Midland,2020-05-11,0
Milam,2020-05-11,0
Mills,2020-05-11,0
Mitchell,2020-05-11,0
Montague,2020-05-11,0
Montgomery,2020-05-11,6
Moore,2020-05-11,1
Morris,2020-05-11,0
Motley,2020-05-11,0
Nacogdoches,2020-05-11,0
Navarro,2020-05-11,0
Newton,2020-05-11,0
Nolan,2020-05-11,0
Nueces,2020-05-11,2
Ochiltree,2020-05-11,0
Oldham,2020-05-11,0
Orange,2020-05-11,1
Palo Pinto,2020-05-11,0
Panola,2020-05-11,0
Parker,2020-05-11,1
Parmer,2020-05-11,0
Pecos,2020-05-11,0
Polk,2020-05-11,2
Potter,2020-05-11,12
Presidio,2020-05-11,1
Rains,2020-05-11,0
Randall,2020-05-11,11
Reagan,2020-05-11,0
Real,2020-05-11,0
Red River,2020-05-11,0
Reeves,2020-05-11,0
Refugio,2020-05-11,0
Roberts,2020-05-11,0
Robertson,2020-05-11,0
Rockwall,2020-05-11,0
Runnels,2020-05-11,1
Rusk,2020-05-11,1
Sabine,2020-05-11,0
San Augustine,2020-05-11,0
San Jacinto,2020-05-11,0
San Patricio,2020-05-11,0
San Saba,2020-05-11,0
Schleicher,2020-05-11,0
Scurry,2020-05-11,0
Shackelford,2020-05-11,0
Shelby,2020-05-11,1
Sherman,2020-05-11,0
Smith,2020-05-11,8
Somervell,2020-05-11,0
Starr,2020-05-11,0
Stephens,2020-05-11,0
Sterling,2020-05-11,0
Stonewall,2020-05-11,0
Sutton,2020-05-11,0
Swisher,2020-05-11,1
Tarrant,2020-05-11,36
Taylor,2020-05-11,0
Terrell,2020-05-11,0
Terry,2020-05-11,0
Throckmorton,2020-05-11,0
Titus,2020-05-11,0
Tom Green,2020-05-11,1
Travis,2020-05-11,10
Trinity,2020-05-11,0
Tyler,2020-05-11,1
Upshur,2020-05-11,0
Upton,2020-05-11,0
Uvalde,2020-05-11,1
Val Verde,2020-05-11,0
Van Zandt,2020-05-11,0
Victoria,2020-05-11,0
Walker,2020-05-11,0
Waller,2020-05-11,0
Ward,2020-05-11,0
Washington,2020-05-11,0
Webb,2020-05-11,5
Wharton,2020-05-11,0
Wheeler,2020-05-11,0
Wichita,2020-05-11,1
Wilbarger,2020-05-11,0
Willacy,2020-05-11,1
Williamson,2020-05-11,3
Wilson,2020-05-11,1
Winkler,2020-05-11,0
Wise,2020-05-11,0
Wood,2020-05-11,0
Yoakum,2020-05-11,0
Young,2020-05-11,0
Zapata,2020-05-11,2
Zavala,2020-05-11,0
NA,2020-05-11,NA
NA,2020-05-11,NA
NA,2020-05-11,NA
Anderson,2020-05-12,1
Andrews,2020-05-12,0
Angelina,2020-05-12,0
Aransas,2020-05-12,0
Archer,2020-05-12,0
Armstrong,2020-05-12,0
Atascosa,2020-05-12,0
Austin,2020-05-12,0
Bailey,2020-05-12,0
Bandera,2020-05-12,0
Bastrop,2020-05-12,1
Baylor,2020-05-12,0
Bee,2020-05-12,1
Bell,2020-05-12,4
Bexar,2020-05-12,18
Blanco,2020-05-12,0
Borden,2020-05-12,0
Bosque,2020-05-12,0
Bowie,2020-05-12,1
Brazoria,2020-05-12,2
Brazos,2020-05-12,0
Brewster,2020-05-12,0
Briscoe,2020-05-12,0
Brooks,2020-05-12,0
Brown,2020-05-12,0
Burleson,2020-05-12,0
Burnet,2020-05-12,0
Caldwell,2020-05-12,0
Calhoun,2020-05-12,0
Callahan,2020-05-12,0
Cameron,2020-05-12,9
Camp,2020-05-12,0
Carson,2020-05-12,0
Cass,2020-05-12,0
Castro,2020-05-12,1
Chambers,2020-05-12,0
Cherokee,2020-05-12,0
Childress,2020-05-12,0
Clay,2020-05-12,0
Cochran,2020-05-12,0
Coke,2020-05-12,0
Coleman,2020-05-12,0
Collin,2020-05-12,9
Collingsworth,2020-05-12,0
Colorado,2020-05-12,1
Comal,2020-05-12,0
Comanche,2020-05-12,0
Concho,2020-05-12,0
Cooke,2020-05-12,0
Coryell,2020-05-12,2
Cottle,2020-05-12,0
Crane,2020-05-12,0
Crockett,2020-05-12,0
Crosby,2020-05-12,0
Culberson,2020-05-12,0
Dallam,2020-05-12,0
Dallas,2020-05-12,111
Dawson,2020-05-12,0
Deaf Smith,2020-05-12,0
Delta,2020-05-12,0
Denton,2020-05-12,2
DeWitt,2020-05-12,0
Dickens,2020-05-12,0
Dimmit,2020-05-12,2
Donley,2020-05-12,0
Duval,2020-05-12,0
Eastland,2020-05-12,0
Ector,2020-05-12,3
Edwards,2020-05-12,0
Ellis,2020-05-12,1
El Paso,2020-05-12,13
Erath,2020-05-12,0
Falls,2020-05-12,0
Fannin,2020-05-12,1
Fayette,2020-05-12,0
Fisher,2020-05-12,0
Floyd,2020-05-12,0
Foard,2020-05-12,0
Fort Bend,2020-05-12,2
Franklin,2020-05-12,0
Freestone,2020-05-12,0
Frio,2020-05-12,0
Gaines,2020-05-12,0
Galveston,2020-05-12,0
Garza,2020-05-12,0
Gillespie,2020-05-12,0
Glasscock,2020-05-12,0
Goliad,2020-05-12,0
Gonzales,2020-05-12,0
Gray,2020-05-12,0
Grayson,2020-05-12,0
Gregg,2020-05-12,0
Grimes,2020-05-12,0
Guadalupe,2020-05-12,2
Hale,2020-05-12,3
Hall,2020-05-12,0
Hamilton,2020-05-12,1
Hansford,2020-05-12,0
Hardeman,2020-05-12,0
Hardin,2020-05-12,0
Harris,2020-05-12,26
Harrison,2020-05-12,0
Hartley,2020-05-12,0
Haskell,2020-05-12,1
Hays,2020-05-12,0
Hemphill,2020-05-12,0
Henderson,2020-05-12,1
Hidalgo,2020-05-12,1
Hill,2020-05-12,3
Hockley,2020-05-12,0
Hood,2020-05-12,0
Hopkins,2020-05-12,1
Houston,2020-05-12,0
Howard,2020-05-12,0
Hudspeth,2020-05-12,0
Hunt,2020-05-12,3
Hutchinson,2020-05-12,0
Irion,2020-05-12,0
Jack,2020-05-12,0
Jackson,2020-05-12,0
Jasper,2020-05-12,0
Jeff Davis,2020-05-12,0
Jefferson,2020-05-12,0
Jim Hogg,2020-05-12,0
Jim Wells,2020-05-12,0
Johnson,2020-05-12,4
Jones,2020-05-12,0
Karnes,2020-05-12,1
Kaufman,2020-05-12,0
Kendall,2020-05-12,0
Kenedy,2020-05-12,0
Kent,2020-05-12,0
Kerr,2020-05-12,0
Kimble,2020-05-12,0
King,2020-05-12,0
Kinney,2020-05-12,0
Kleberg,2020-05-12,0
Knox,2020-05-12,0
Lamar,2020-05-12,0
Lamb,2020-05-12,0
Lampasas,2020-05-12,0
La Salle,2020-05-12,0
Lavaca,2020-05-12,1
Lee,2020-05-12,0
Leon,2020-05-12,0
Liberty,2020-05-12,0
Limestone,2020-05-12,1
Lipscomb,2020-05-12,0
Live Oak,2020-05-12,0
Llano,2020-05-12,0
Loving,2020-05-12,0
Lubbock,2020-05-12,1
Lynn,2020-05-12,0
McCulloch,2020-05-12,0
McLennan,2020-05-12,10
McMullen,2020-05-12,0
Madison,2020-05-12,0
Marion,2020-05-12,0
Martin,2020-05-12,0
Mason,2020-05-12,0
Matagorda,2020-05-12,0
Maverick,2020-05-12,0
Medina,2020-05-12,3
Menard,2020-05-12,0
Midland,2020-05-12,0
Milam,2020-05-12,0
Mills,2020-05-12,0
Mitchell,2020-05-12,0
Montague,2020-05-12,0
Montgomery,2020-05-12,2
Moore,2020-05-12,0
Morris,2020-05-12,0
Motley,2020-05-12,0
Nacogdoches,2020-05-12,2
Navarro,2020-05-12,1
Newton,2020-05-12,0
Nolan,2020-05-12,0
Nueces,2020-05-12,4
Ochiltree,2020-05-12,0
Oldham,2020-05-12,0
Orange,2020-05-12,0
Palo Pinto,2020-05-12,0
Panola,2020-05-12,0
Parker,2020-05-12,1
Parmer,2020-05-12,0
Pecos,2020-05-12,0
Polk,2020-05-12,0
Potter,2020-05-12,6
Presidio,2020-05-12,0
Rains,2020-05-12,1
Randall,2020-05-12,6
Reagan,2020-05-12,0
Real,2020-05-12,0
Red River,2020-05-12,1
Reeves,2020-05-12,0
Refugio,2020-05-12,0
Roberts,2020-05-12,0
Robertson,2020-05-12,0
Rockwall,2020-05-12,0
Runnels,2020-05-12,0
Rusk,2020-05-12,0
Sabine,2020-05-12,0
San Augustine,2020-05-12,1
San Jacinto,2020-05-12,0
San Patricio,2020-05-12,0
San Saba,2020-05-12,0
Schleicher,2020-05-12,0
Scurry,2020-05-12,0
Shackelford,2020-05-12,0
Shelby,2020-05-12,0
Sherman,2020-05-12,0
Smith,2020-05-12,7
Somervell,2020-05-12,0
Starr,2020-05-12,0
Stephens,2020-05-12,0
Sterling,2020-05-12,0
Stonewall,2020-05-12,0
Sutton,2020-05-12,0
Swisher,2020-05-12,0
Tarrant,2020-05-12,19
Taylor,2020-05-12,0
Terrell,2020-05-12,0
Terry,2020-05-12,0
Throckmorton,2020-05-12,0
Titus,2020-05-12,0
Tom Green,2020-05-12,4
Travis,2020-05-12,2
Trinity,2020-05-12,0
Tyler,2020-05-12,0
Upshur,2020-05-12,0
Upton,2020-05-12,0
Uvalde,2020-05-12,0
Val Verde,2020-05-12,0
Van Zandt,2020-05-12,2
Victoria,2020-05-12,0
Walker,2020-05-12,1
Waller,2020-05-12,0
Ward,2020-05-12,0
Washington,2020-05-12,0
Webb,2020-05-12,1
Wharton,2020-05-12,0
Wheeler,2020-05-12,0
Wichita,2020-05-12,1
Wilbarger,2020-05-12,0
Willacy,2020-05-12,1
Williamson,2020-05-12,8
Wilson,2020-05-12,0
Winkler,2020-05-12,0
Wise,2020-05-12,1
Wood,2020-05-12,2
Yoakum,2020-05-12,0
Young,2020-05-12,0
Zapata,2020-05-12,0
Zavala,2020-05-12,1
NA,2020-05-12,NA
NA,2020-05-12,NA
NA,2020-05-12,NA
