state,industry,date,hours_worked,locations_open,employees_working
TX,Beauty & Personal Care,2020-06-20,-54.1%,-47.4%,-48.6%
TX,"Charities, Education & Membership",2020-06-20,-59.1%,-45.4%,-60.9%
TX,Food & Drink,2020-06-20,-31.8%,-17.8%,-24.6%
TX,Health Care and Fitness,2020-06-20,-29.6%,-24.2%,-24.1%
TX,Home and Repair,2020-06-20,-32.1%,-23.3%,-11.3%
TX,Leisure and Entertainment,2020-06-20,-3.1%,-12.9%,-3.9%
TX,Other,2020-06-20,-34.9%,-22.4%,-30.6%
TX,Professional Services,2020-06-20,-3.9%,-21.5%,-15.2%
TX,Retail,2020-06-20,-23.7%,-16.7%,-19.2%
TX,Transportation,2020-06-20,-39.6%,-42.9%,-35.7%
TX,Beauty & Personal Care,2020-06-19,-49.4%,-44.1%,-46.0%
TX,"Charities, Education & Membership",2020-06-19,-49.5%,-32.9%,-49.0%
TX,Food & Drink,2020-06-19,-22.4%,-18.1%,-22.3%
TX,Health Care and Fitness,2020-06-19,-22.4%,-19.6%,-18.7%
TX,Home and Repair,2020-06-19,8.0%,-18.5%,9.2%
TX,Leisure and Entertainment,2020-06-19,4.4%,-10.5%,-2.8%
TX,Other,2020-06-19,-21.5%,-21.9%,-22.1%
TX,Professional Services,2020-06-19,-25.6%,-26.0%,-26.6%
TX,Retail,2020-06-19,-17.8%,-14.6%,-17.8%
TX,Transportation,2020-06-19,-33.7%,-26.4%,-22.8%
TX,Beauty & Personal Care,2020-06-18,-44.3%,-40.1%,-39.9%
TX,"Charities, Education & Membership",2020-06-18,-46.6%,-31.3%,-49.6%
TX,Food & Drink,2020-06-18,-23.1%,-17.9%,-22.3%
TX,Health Care and Fitness,2020-06-18,-15.5%,-16.3%,-14.4%
TX,Home and Repair,2020-06-18,15.7%,-18.7%,10.7%
TX,Leisure and Entertainment,2020-06-18,-0.7%,-10.3%,-5.2%
TX,Other,2020-06-18,-18.7%,-23.1%,-21.1%
TX,Professional Services,2020-06-18,-22.8%,-24.6%,-25.6%
TX,Retail,2020-06-18,-15.6%,-15.0%,-16.4%
TX,Transportation,2020-06-18,-23.8%,-29.6%,-18.4%
TX,Beauty & Personal Care,2020-06-17,-45.3%,-42.9%,-43.9%
TX,"Charities, Education & Membership",2020-06-17,-45.5%,-30.6%,-48.0%
TX,Food & Drink,2020-06-17,-22.6%,-18.4%,-22.6%
TX,Health Care and Fitness,2020-06-17,-12.2%,-16.0%,-11.4%
TX,Home and Repair,2020-06-17,20.9%,-15.5%,15.5%
TX,Leisure and Entertainment,2020-06-17,1.3%,-11.1%,2.1%
TX,Other,2020-06-17,-14.2%,-20.2%,-17.1%
TX,Professional Services,2020-06-17,-23.1%,-22.2%,-22.8%
TX,Retail,2020-06-17,-17.2%,-13.6%,-16.5%
TX,Transportation,2020-06-17,-29.0%,-23.7%,-19.2%
TX,Beauty & Personal Care,2020-06-16,-45.4%,-28.0%,-37.7%
TX,"Charities, Education & Membership",2020-06-16,-48.1%,-32.2%,-50.3%
TX,Food & Drink,2020-06-16,-25.1%,-19.7%,-24.1%
TX,Health Care and Fitness,2020-06-16,-15.5%,-16.5%,-14.1%
TX,Home and Repair,2020-06-16,12.4%,-18.5%,7.8%
TX,Leisure and Entertainment,2020-06-16,2.1%,-6.5%,-0.9%
TX,Other,2020-06-16,-16.3%,-22.4%,-20.1%
TX,Professional Services,2020-06-16,-26.4%,-19.6%,-25.8%
TX,Retail,2020-06-16,-15.7%,-15.3%,-15.1%
TX,Transportation,2020-06-16,-22.4%,-32.8%,-15.0%
TX,Beauty & Personal Care,2020-06-15,-45.3%,-52.5%,-42.5%
TX,"Charities, Education & Membership",2020-06-15,-38.3%,-21.9%,-39.4%
TX,Food & Drink,2020-06-15,-25.8%,-19.4%,-24.8%
TX,Health Care and Fitness,2020-06-15,-13.8%,-15.2%,-12.0%
TX,Home and Repair,2020-06-15,13.1%,-16.0%,7.6%
TX,Leisure and Entertainment,2020-06-15,-8.1%,-5.1%,-10.6%
TX,Other,2020-06-15,-14.3%,-19.6%,-16.1%
TX,Professional Services,2020-06-15,-20.7%,-22.6%,-21.7%
TX,Retail,2020-06-15,-14.8%,-15.0%,-16.2%
TX,Transportation,2020-06-15,-32.7%,-29.6%,-18.8%
TX,Beauty & Personal Care,2020-06-14,-59.3%,-55.1%,-54.7%
TX,"Charities, Education & Membership",2020-06-14,-42.4%,-40.8%,-52.0%
TX,Food & Drink,2020-06-14,-29.8%,-20.8%,-27.7%
TX,Health Care and Fitness,2020-06-14,-14.6%,-16.8%,-20.1%
TX,Home and Repair,2020-06-14,5.7%,6.7%,6.4%
TX,Leisure and Entertainment,2020-06-14,2.6%,-17.1%,-7.2%
TX,Other,2020-06-14,-26.6%,-23.3%,-27.2%
TX,Professional Services,2020-06-14,3.9%,-18.9%,-10.4%
TX,Retail,2020-06-14,-15.3%,-19.8%,-17.4%
TX,Transportation,2020-06-14,-37.8%,-47.8%,-18.6%
TX,Beauty & Personal Care,2020-06-13,-48.7%,-38.0%,-43.8%
TX,"Charities, Education & Membership",2020-06-13,-58.7%,-45.4%,-60.9%
TX,Food & Drink,2020-06-13,-26.5%,-17.3%,-24.4%
TX,Health Care and Fitness,2020-06-13,-22.6%,-23.4%,-22.7%
TX,Home and Repair,2020-06-13,13.0%,-4.7%,16.9%
TX,Leisure and Entertainment,2020-06-13,9.7%,-17.1%,-2.2%
TX,Other,2020-06-13,-24.1%,-22.4%,-23.9%
TX,Professional Services,2020-06-13,-0.8%,-14.8%,-14.9%
TX,Retail,2020-06-13,-17.9%,-15.2%,-17.4%
TX,Transportation,2020-06-13,-30.6%,-37.7%,-20.8%
TX,Beauty & Personal Care,2020-06-12,-52.5%,-42.3%,-46.7%
TX,"Charities, Education & Membership",2020-06-12,-45.2%,-29.7%,-46.1%
TX,Food & Drink,2020-06-12,-22.0%,-17.2%,-21.3%
TX,Health Care and Fitness,2020-06-12,-14.0%,-16.1%,-14.2%
TX,Home and Repair,2020-06-12,20.3%,-14.8%,13.9%
TX,Leisure and Entertainment,2020-06-12,11.4%,-11.9%,4.5%
TX,Other,2020-06-12,-14.8%,-22.1%,-17.4%
TX,Professional Services,2020-06-12,-18.8%,-20.1%,-20.3%
TX,Retail,2020-06-12,-12.0%,-14.3%,-13.1%
TX,Transportation,2020-06-12,-30.8%,-32.8%,-22.8%
TX,Beauty & Personal Care,2020-06-11,-47.5%,-36.2%,-38.6%
TX,"Charities, Education & Membership",2020-06-11,-44.7%,-29.8%,-47.8%
TX,Food & Drink,2020-06-11,-22.1%,-17.5%,-21.2%
TX,Health Care and Fitness,2020-06-11,-11.3%,-14.7%,-11.2%
TX,Home and Repair,2020-06-11,17.9%,-12.5%,13.2%
TX,Leisure and Entertainment,2020-06-11,5.0%,-10.3%,-2.2%
TX,Other,2020-06-11,-14.3%,-23.1%,-17.2%
TX,Professional Services,2020-06-11,-21.9%,-18.9%,-21.0%
TX,Retail,2020-06-11,-13.7%,-14.4%,-13.4%
TX,Transportation,2020-06-11,-18.6%,-26.4%,-19.6%
TX,Beauty & Personal Care,2020-06-10,-44.7%,-48.8%,-43.9%
TX,"Charities, Education & Membership",2020-06-10,-44.9%,-30.6%,-46.6%
TX,Food & Drink,2020-06-10,-22.2%,-18.1%,-22.5%
TX,Health Care and Fitness,2020-06-10,-10.9%,-16.2%,-9.2%
TX,Home and Repair,2020-06-10,22.8%,-12.9%,14.4%
TX,Leisure and Entertainment,2020-06-10,-0.2%,-7.8%,-6.2%
TX,Other,2020-06-10,-13.0%,-19.5%,-15.1%
TX,Professional Services,2020-06-10,-18.2%,-18.9%,-18.4%
TX,Retail,2020-06-10,-14.0%,-13.2%,-14.4%
TX,Transportation,2020-06-10,-20.8%,-29.8%,-16.9%
TX,Beauty & Personal Care,2020-06-09,-45.3%,-40.7%,-40.6%
TX,"Charities, Education & Membership",2020-06-09,-44.9%,-29.9%,-47.9%
TX,Food & Drink,2020-06-09,-23.8%,-19.1%,-23.4%
TX,Health Care and Fitness,2020-06-09,-11.0%,-16.1%,-11.5%
TX,Home and Repair,2020-06-09,13.2%,-14.9%,9.1%
TX,Leisure and Entertainment,2020-06-09,6.4%,-6.5%,-2.1%
TX,Other,2020-06-09,-14.3%,-22.6%,-17.3%
TX,Professional Services,2020-06-09,-23.3%,-19.6%,-22.2%
TX,Retail,2020-06-09,-12.9%,-15.4%,-14.2%
TX,Transportation,2020-06-09,-38.5%,-26.4%,-30.5%
TX,Beauty & Personal Care,2020-06-08,-49.8%,-50.0%,-44.3%
TX,"Charities, Education & Membership",2020-06-08,-37.0%,-21.9%,-38.8%
TX,Food & Drink,2020-06-08,-25.8%,-19.2%,-24.0%
TX,Health Care and Fitness,2020-06-08,-12.5%,-15.5%,-9.6%
TX,Home and Repair,2020-06-08,12.4%,-14.8%,4.6%
TX,Leisure and Entertainment,2020-06-08,-11.9%,-12.6%,-17.2%
TX,Other,2020-06-08,-13.3%,-20.8%,-15.9%
TX,Professional Services,2020-06-08,-20.3%,-19.1%,-20.2%
TX,Retail,2020-06-08,-14.7%,-14.7%,-14.8%
TX,Transportation,2020-06-08,-41.1%,-16.8%,-29.9%
TX,Beauty & Personal Care,2020-06-07,-69.3%,-58.9%,-63.5%
TX,"Charities, Education & Membership",2020-06-07,-31.6%,-38.0%,-50.3%
TX,Food & Drink,2020-06-07,-30.1%,-20.5%,-28.4%
TX,Health Care and Fitness,2020-06-07,-15.1%,-25.2%,-18.9%
TX,Home and Repair,2020-06-07,-17.8%,6.7%,-21.2%
TX,Leisure and Entertainment,2020-06-07,-5.3%,-17.1%,-10.4%
TX,Other,2020-06-07,-25.5%,-18.1%,-25.1%
TX,Professional Services,2020-06-07,-4.1%,-20.3%,-12.3%
TX,Retail,2020-06-07,-17.8%,-20.5%,-18.6%
TX,Transportation,2020-06-07,-29.0%,-30.4%,-19.6%
TX,Beauty & Personal Care,2020-06-06,-52.2%,-41.8%,-43.2%
TX,"Charities, Education & Membership",2020-06-06,-45.6%,-37.6%,-40.1%
TX,Food & Drink,2020-06-06,-28.4%,-18.0%,-26.4%
TX,Health Care and Fitness,2020-06-06,-18.6%,-21.6%,-17.8%
TX,Home and Repair,2020-06-06,4.7%,-7.0%,8.1%
TX,Leisure and Entertainment,2020-06-06,2.4%,-18.6%,-5.0%
TX,Other,2020-06-06,-24.8%,-19.0%,-24.2%
TX,Professional Services,2020-06-06,-4.0%,-8.0%,-13.4%
TX,Retail,2020-06-06,-17.3%,-15.5%,-16.3%
TX,Transportation,2020-06-06,-29.8%,-37.7%,-24.7%
TX,Beauty & Personal Care,2020-06-05,-47.6%,-40.5%,-44.1%
TX,"Charities, Education & Membership",2020-06-05,-42.6%,-28.1%,-44.9%
TX,Food & Drink,2020-06-05,-23.8%,-17.6%,-23.1%
TX,Health Care and Fitness,2020-06-05,-14.2%,-15.4%,-13.1%
TX,Home and Repair,2020-06-05,15.6%,-17.3%,9.2%
TX,Leisure and Entertainment,2020-06-05,8.5%,-11.9%,5.1%
TX,Other,2020-06-05,-15.5%,-22.2%,-18.5%
TX,Professional Services,2020-06-05,-22.2%,-22.1%,-24.0%
TX,Retail,2020-06-05,-13.6%,-15.3%,-13.9%
TX,Transportation,2020-06-05,-21.7%,-20.0%,-17.0%
TX,Beauty & Personal Care,2020-06-04,-46.7%,-36.2%,-44.7%
TX,"Charities, Education & Membership",2020-06-04,-45.1%,-27.5%,-47.0%
TX,Food & Drink,2020-06-04,-24.4%,-18.1%,-23.9%
TX,Health Care and Fitness,2020-06-04,-12.5%,-16.8%,-12.4%
TX,Home and Repair,2020-06-04,14.6%,-16.2%,11.3%
TX,Leisure and Entertainment,2020-06-04,-1.2%,-17.6%,-9.9%
TX,Other,2020-06-04,-17.0%,-22.4%,-19.9%
TX,Professional Services,2020-06-04,-25.3%,-22.7%,-23.9%
TX,Retail,2020-06-04,-13.4%,-15.8%,-13.7%
TX,Transportation,2020-06-04,-22.5%,-16.8%,-22.0%
TX,Beauty & Personal Care,2020-06-03,-53.9%,-44.8%,-51.1%
TX,"Charities, Education & Membership",2020-06-03,-43.3%,-31.4%,-46.7%
TX,Food & Drink,2020-06-03,-25.2%,-19.0%,-24.4%
TX,Health Care and Fitness,2020-06-03,-11.2%,-17.4%,-10.6%
TX,Home and Repair,2020-06-03,15.0%,-9.1%,13.2%
TX,Leisure and Entertainment,2020-06-03,-10.5%,-11.1%,-12.8%
TX,Other,2020-06-03,-15.3%,-20.2%,-17.5%
TX,Professional Services,2020-06-03,-22.3%,-22.7%,-21.8%
TX,Retail,2020-06-03,-16.6%,-15.7%,-16.3%
TX,Transportation,2020-06-03,-15.1%,-14.5%,-17.5%
TX,Beauty & Personal Care,2020-06-02,-44.0%,-36.5%,-42.9%
TX,"Charities, Education & Membership",2020-06-02,-47.6%,-31.4%,-50.3%
TX,Food & Drink,2020-06-02,-25.9%,-19.9%,-24.9%
TX,Health Care and Fitness,2020-06-02,-11.6%,-16.3%,-11.6%
TX,Home and Repair,2020-06-02,8.1%,-17.3%,7.2%
TX,Leisure and Entertainment,2020-06-02,-10.2%,-10.0%,-8.9%
TX,Other,2020-06-02,-16.5%,-22.6%,-20.0%
TX,Professional Services,2020-06-02,-28.8%,-23.9%,-26.5%
TX,Retail,2020-06-02,-14.4%,-16.3%,-13.9%
TX,Transportation,2020-06-02,-12.2%,-20.0%,-13.2%
TX,Beauty & Personal Care,2020-06-01,-59.6%,-55.0%,-49.9%
TX,"Charities, Education & Membership",2020-06-01,-38.9%,-23.7%,-39.9%
TX,Food & Drink,2020-06-01,-27.0%,-20.0%,-25.1%
TX,Health Care and Fitness,2020-06-01,-12.2%,-16.0%,-11.5%
TX,Home and Repair,2020-06-01,-0.6%,-14.8%,3.5%
TX,Leisure and Entertainment,2020-06-01,-26.2%,-14.4%,-28.0%
TX,Other,2020-06-01,-16.4%,-22.9%,-19.4%
TX,Professional Services,2020-06-01,-23.2%,-20.1%,-20.8%
TX,Retail,2020-06-01,-16.6%,-16.2%,-15.9%
TX,Transportation,2020-06-01,-21.6%,-13.6%,-18.8%
TX,Beauty & Personal Care,2020-05-31,-54.9%,-47.7%,-51.8%
TX,"Charities, Education & Membership",2020-05-31,-53.5%,-38.0%,-59.6%
TX,Food & Drink,2020-05-31,-33.7%,-22.2%,-31.0%
TX,Health Care and Fitness,2020-05-31,-17.7%,-32.8%,-24.2%
TX,Home and Repair,2020-05-31,-33.8%,-6.7%,-28.1%
TX,Leisure and Entertainment,2020-05-31,-24.2%,-28.5%,-27.5%
TX,Other,2020-05-31,-31.9%,-24.0%,-31.9%
TX,Professional Services,2020-05-31,-18.1%,-23.1%,-17.9%
TX,Retail,2020-05-31,-19.3%,-23.2%,-20.1%
TX,Transportation,2020-05-31,-22.9%,-30.4%,-20.6%
TX,Beauty & Personal Care,2020-05-30,-54.1%,-38.0%,-47.3%
TX,"Charities, Education & Membership",2020-05-30,-53.7%,-41.5%,-52.5%
TX,Food & Drink,2020-05-30,-30.9%,-19.3%,-28.3%
TX,Health Care and Fitness,2020-05-30,-24.1%,-25.9%,-23.0%
TX,Home and Repair,2020-05-30,-2.0%,-4.7%,6.3%
TX,Leisure and Entertainment,2020-05-30,-12.2%,-24.3%,-18.0%
TX,Other,2020-05-30,-28.5%,-23.1%,-27.7%
TX,Professional Services,2020-05-30,-17.9%,-26.4%,-22.1%
TX,Retail,2020-05-30,-19.8%,-17.2%,-19.0%
TX,Transportation,2020-05-30,-19.5%,-32.5%,-23.9%
TX,Beauty & Personal Care,2020-05-29,-50.8%,-47.7%,-49.8%
TX,"Charities, Education & Membership",2020-05-29,-51.3%,-33.7%,-51.8%
TX,Food & Drink,2020-05-29,-25.2%,-18.8%,-24.6%
TX,Health Care and Fitness,2020-05-29,-17.8%,-18.4%,-16.0%
TX,Home and Repair,2020-05-29,19.2%,-13.6%,15.6%
TX,Leisure and Entertainment,2020-05-29,-4.6%,-19.1%,-9.2%
TX,Other,2020-05-29,-17.4%,-23.1%,-21.3%
TX,Professional Services,2020-05-29,-20.2%,-22.5%,-21.2%
TX,Retail,2020-05-29,-15.1%,-16.1%,-16.2%
TX,Transportation,2020-05-29,-14.6%,-13.6%,-17.0%
TX,Beauty & Personal Care,2020-05-28,-50.7%,-36.2%,-45.4%
TX,"Charities, Education & Membership",2020-05-28,-53.6%,-32.8%,-52.8%
TX,Food & Drink,2020-05-28,-26.5%,-19.2%,-25.5%
TX,Health Care and Fitness,2020-05-28,-15.0%,-19.2%,-14.0%
TX,Home and Repair,2020-05-28,23.1%,-10.0%,16.3%
TX,Leisure and Entertainment,2020-05-28,-15.9%,-20.6%,-18.4%
TX,Other,2020-05-28,-19.4%,-24.2%,-22.5%
TX,Professional Services,2020-05-28,-23.9%,-21.7%,-23.0%
TX,Retail,2020-05-28,-15.4%,-16.0%,-16.5%
TX,Transportation,2020-05-28,-10.9%,-16.8%,-16.6%
TX,Beauty & Personal Care,2020-05-27,-54.0%,-46.8%,-49.6%
TX,"Charities, Education & Membership",2020-05-27,-49.8%,-40.0%,-51.8%
TX,Food & Drink,2020-05-27,-27.5%,-20.5%,-26.3%
TX,Health Care and Fitness,2020-05-27,-14.8%,-18.1%,-12.9%
TX,Home and Repair,2020-05-27,15.6%,-10.4%,17.7%
TX,Leisure and Entertainment,2020-05-27,-16.5%,-17.7%,-13.8%
TX,Other,2020-05-27,-17.5%,-22.7%,-19.5%
TX,Professional Services,2020-05-27,-22.2%,-23.2%,-22.4%
TX,Retail,2020-05-27,-17.8%,-15.6%,-17.4%
TX,Transportation,2020-05-27,-16.8%,-26.7%,-14.0%
TX,Beauty & Personal Care,2020-05-26,-51.8%,-34.4%,-47.3%
TX,"Charities, Education & Membership",2020-05-26,-51.6%,-33.7%,-53.1%
TX,Food & Drink,2020-05-26,-28.6%,-21.5%,-27.3%
TX,Health Care and Fitness,2020-05-26,-16.0%,-18.4%,-15.1%
TX,Home and Repair,2020-05-26,9.8%,-19.8%,6.1%
TX,Leisure and Entertainment,2020-05-26,-15.6%,-10.0%,-17.2%
TX,Other,2020-05-26,-21.0%,-26.2%,-24.9%
TX,Professional Services,2020-05-26,-29.9%,-24.4%,-28.2%
TX,Retail,2020-05-26,-15.2%,-16.7%,-17.3%
TX,Transportation,2020-05-26,-16.9%,-23.2%,-15.0%
TX,Beauty & Personal Care,2020-05-25,-79.1%,-62.5%,-74.0%
TX,"Charities, Education & Membership",2020-05-25,-81.8%,-67.5%,-79.4%
TX,Food & Drink,2020-05-25,-36.3%,-33.5%,-35.5%
TX,Health Care and Fitness,2020-05-25,-65.3%,-60.6%,-63.4%
TX,Home and Repair,2020-05-25,-79.0%,-63.0%,-74.9%
TX,Leisure and Entertainment,2020-05-25,-30.7%,-27.4%,-31.9%
TX,Other,2020-05-25,-58.2%,-48.9%,-56.5%
TX,Professional Services,2020-05-25,-69.9%,-59.1%,-68.7%
TX,Retail,2020-05-25,-43.7%,-35.9%,-40.8%
TX,Transportation,2020-05-25,-56.7%,-58.4%,-51.5%
TX,Beauty & Personal Care,2020-05-24,-57.6%,-51.4%,-57.7%
TX,"Charities, Education & Membership",2020-05-24,-67.6%,-52.1%,-71.1%
TX,Food & Drink,2020-05-24,-36.5%,-25.7%,-34.2%
TX,Health Care and Fitness,2020-05-24,-20.6%,-40.3%,-28.9%
TX,Home and Repair,2020-05-24,-52.0%,-6.7%,-30.0%
TX,Leisure and Entertainment,2020-05-24,-11.3%,-26.8%,-18.2%
TX,Other,2020-05-24,-35.7%,-26.5%,-35.9%
TX,Professional Services,2020-05-24,-4.6%,-25.9%,-18.4%
TX,Retail,2020-05-24,-22.2%,-21.9%,-23.4%
TX,Transportation,2020-05-24,-26.1%,-21.7%,-19.6%
TX,Beauty & Personal Care,2020-05-23,-55.8%,-36.2%,-47.9%
TX,"Charities, Education & Membership",2020-05-23,-58.7%,-47.3%,-60.9%
TX,Food & Drink,2020-05-23,-33.0%,-20.3%,-30.0%
TX,Health Care and Fitness,2020-05-23,-25.8%,-28.1%,-28.9%
TX,Home and Repair,2020-05-23,-10.5%,-11.6%,11.0%
TX,Leisure and Entertainment,2020-05-23,-15.5%,-28.6%,-23.3%
TX,Other,2020-05-23,-33.5%,-23.7%,-33.3%
TX,Professional Services,2020-05-23,-10.8%,-28.3%,-24.8%
TX,Retail,2020-05-23,-20.6%,-19.4%,-21.2%
TX,Transportation,2020-05-23,-21.3%,-42.9%,-31.0%
TX,Beauty & Personal Care,2020-05-22,-49.9%,-42.3%,-46.7%
TX,"Charities, Education & Membership",2020-05-22,-53.4%,-35.4%,-53.5%
TX,Food & Drink,2020-05-22,-29.2%,-20.1%,-28.1%
TX,Health Care and Fitness,2020-05-22,-21.2%,-21.3%,-20.0%
TX,Home and Repair,2020-05-22,13.5%,-16.0%,14.2%
TX,Leisure and Entertainment,2020-05-22,-20.2%,-27.8%,-23.3%
TX,Other,2020-05-22,-22.8%,-23.7%,-25.1%
TX,Professional Services,2020-05-22,-26.9%,-24.0%,-27.3%
TX,Retail,2020-05-22,-16.2%,-16.7%,-17.1%
TX,Transportation,2020-05-22,-22.8%,-23.2%,-18.1%
TX,Beauty & Personal Care,2020-05-21,-48.5%,-36.2%,-45.4%
TX,"Charities, Education & Membership",2020-05-21,-54.1%,-37.4%,-55.7%
TX,Food & Drink,2020-05-21,-31.5%,-21.9%,-30.0%
TX,Health Care and Fitness,2020-05-21,-19.4%,-21.3%,-18.0%
TX,Home and Repair,2020-05-21,16.9%,-20.0%,11.3%
TX,Leisure and Entertainment,2020-05-21,-24.0%,-33.8%,-27.8%
TX,Other,2020-05-21,-21.5%,-24.5%,-24.3%
TX,Professional Services,2020-05-21,-29.0%,-23.6%,-26.9%
TX,Retail,2020-05-21,-16.8%,-17.9%,-16.9%
TX,Transportation,2020-05-21,-21.6%,-26.4%,-21.4%
TX,Beauty & Personal Care,2020-05-20,-49.7%,-46.8%,-48.9%
TX,"Charities, Education & Membership",2020-05-20,-52.7%,-41.5%,-54.7%
TX,Food & Drink,2020-05-20,-31.6%,-23.0%,-30.4%
TX,Health Care and Fitness,2020-05-20,-15.5%,-17.4%,-14.4%
TX,Home and Repair,2020-05-20,20.3%,-12.9%,17.4%
TX,Leisure and Entertainment,2020-05-20,-29.6%,-30.9%,-35.2%
TX,Other,2020-05-20,-20.7%,-24.2%,-22.7%
TX,Professional Services,2020-05-20,-27.7%,-24.6%,-26.7%
TX,Retail,2020-05-20,-19.4%,-18.0%,-20.0%
TX,Transportation,2020-05-20,-30.4%,-23.7%,-25.0%
TX,Beauty & Personal Care,2020-05-19,-39.0%,-32.3%,-39.9%
TX,"Charities, Education & Membership",2020-05-19,-53.1%,-35.2%,-53.5%
TX,Food & Drink,2020-05-19,-32.3%,-24.3%,-31.7%
TX,Health Care and Fitness,2020-05-19,-17.3%,-19.9%,-16.1%
TX,Home and Repair,2020-05-19,17.5%,-16.1%,13.1%
TX,Leisure and Entertainment,2020-05-19,-28.1%,-23.8%,-29.6%
TX,Other,2020-05-19,-23.4%,-26.2%,-25.9%
TX,Professional Services,2020-05-19,-31.8%,-22.9%,-27.0%
TX,Retail,2020-05-19,-19.7%,-18.0%,-19.5%
TX,Transportation,2020-05-19,-22.3%,-23.2%,-18.8%
TX,Beauty & Personal Care,2020-05-18,-41.8%,-42.5%,-39.7%
TX,"Charities, Education & Membership",2020-05-18,-45.3%,-28.1%,-42.8%
TX,Food & Drink,2020-05-18,-33.5%,-25.2%,-32.2%
TX,Health Care and Fitness,2020-05-18,-16.4%,-17.5%,-14.2%
TX,Home and Repair,2020-05-18,16.8%,-18.5%,11.7%
TX,Leisure and Entertainment,2020-05-18,-36.3%,-29.3%,-39.7%
TX,Other,2020-05-18,-23.0%,-24.2%,-24.8%
TX,Professional Services,2020-05-18,-29.2%,-22.1%,-27.2%
TX,Retail,2020-05-18,-20.2%,-16.7%,-19.3%
TX,Transportation,2020-05-18,-28.6%,-23.2%,-18.8%
TX,Beauty & Personal Care,2020-05-17,-59.9%,-43.9%,-57.7%
TX,"Charities, Education & Membership",2020-05-17,-54.5%,-54.9%,-64.5%
TX,Food & Drink,2020-05-17,-41.6%,-29.2%,-39.6%
TX,Health Care and Fitness,2020-05-17,-21.1%,-34.5%,-27.0%
TX,Home and Repair,2020-05-17,-7.8%,0.0%,-3.4%
TX,Leisure and Entertainment,2020-05-17,-58.9%,-48.0%,-58.2%
TX,Other,2020-05-17,-37.6%,-26.8%,-36.8%
TX,Professional Services,2020-05-17,-23.1%,-23.1%,-30.1%
TX,Retail,2020-05-17,-22.8%,-23.2%,-22.7%
TX,Transportation,2020-05-17,-32.9%,-30.4%,-29.9%
TX,Beauty & Personal Care,2020-05-16,-60.6%,-43.7%,-56.2%
TX,"Charities, Education & Membership",2020-05-16,-70.2%,-55.1%,-69.3%
TX,Food & Drink,2020-05-16,-40.4%,-24.8%,-36.7%
TX,Health Care and Fitness,2020-05-16,-27.3%,-30.7%,-30.4%
TX,Home and Repair,2020-05-16,-42.4%,-11.6%,-34.8%
TX,Leisure and Entertainment,2020-05-16,-63.0%,-45.7%,-60.1%
TX,Other,2020-05-16,-41.5%,-30.2%,-38.5%
TX,Professional Services,2020-05-16,-28.9%,-25.4%,-31.9%
TX,Retail,2020-05-16,-26.0%,-20.4%,-22.9%
TX,Transportation,2020-05-16,-48.7%,-37.7%,-43.5%
TX,Beauty & Personal Care,2020-05-15,-58.9%,-47.7%,-56.2%
TX,"Charities, Education & Membership",2020-05-15,-55.1%,-37.0%,-53.3%
TX,Food & Drink,2020-05-15,-35.8%,-24.4%,-33.9%
TX,Health Care and Fitness,2020-05-15,-24.1%,-22.1%,-22.5%
TX,Home and Repair,2020-05-15,12.3%,-16.0%,12.3%
TX,Leisure and Entertainment,2020-05-15,-42.4%,-42.2%,-43.5%
TX,Other,2020-05-15,-25.5%,-26.0%,-27.6%
TX,Professional Services,2020-05-15,-32.5%,-24.5%,-31.6%
TX,Retail,2020-05-15,-19.6%,-18.6%,-20.2%
TX,Transportation,2020-05-15,-25.0%,-13.6%,-24.5%
TX,Beauty & Personal Care,2020-05-14,-51.7%,-34.3%,-46.8%
TX,"Charities, Education & Membership",2020-05-14,-55.5%,-38.9%,-53.9%
TX,Food & Drink,2020-05-14,-35.6%,-25.1%,-33.8%
TX,Health Care and Fitness,2020-05-14,-22.1%,-23.9%,-21.1%
TX,Home and Repair,2020-05-14,13.5%,-15.0%,11.9%
TX,Leisure and Entertainment,2020-05-14,-38.9%,-42.6%,-44.4%
TX,Other,2020-05-14,-24.7%,-29.1%,-28.0%
TX,Professional Services,2020-05-14,-34.3%,-25.5%,-29.0%
TX,Retail,2020-05-14,-20.6%,-17.6%,-20.1%
TX,Transportation,2020-05-14,-30.2%,-26.4%,-28.0%
TX,Beauty & Personal Care,2020-05-13,-59.6%,-50.7%,-57.6%
TX,"Charities, Education & Membership",2020-05-13,-56.3%,-43.9%,-54.5%
TX,Food & Drink,2020-05-13,-35.5%,-26.4%,-34.2%
TX,Health Care and Fitness,2020-05-13,-20.1%,-21.4%,-18.7%
TX,Home and Repair,2020-05-13,3.2%,-15.5%,10.5%
TX,Leisure and Entertainment,2020-05-13,-45.7%,-40.7%,-49.3%
TX,Other,2020-05-13,-22.4%,-27.2%,-25.6%
TX,Professional Services,2020-05-13,-31.9%,-23.2%,-29.0%
TX,Retail,2020-05-13,-23.0%,-18.8%,-23.0%
TX,Transportation,2020-05-13,-33.3%,-23.7%,-25.5%
TX,Beauty & Personal Care,2020-05-12,-51.6%,-34.4%,-47.3%
TX,"Charities, Education & Membership",2020-05-12,-53.3%,-36.8%,-52.2%
TX,Food & Drink,2020-05-12,-37.0%,-27.8%,-35.6%
TX,Health Care and Fitness,2020-05-12,-22.3%,-22.7%,-22.1%
TX,Home and Repair,2020-05-12,-2.6%,-21.0%,0.5%
TX,Leisure and Entertainment,2020-05-12,-41.7%,-35.9%,-42.7%
TX,Other,2020-05-12,-26.2%,-27.0%,-28.5%
TX,Professional Services,2020-05-12,-33.5%,-25.3%,-28.7%
TX,Retail,2020-05-12,-24.2%,-20.4%,-23.7%
TX,Transportation,2020-05-12,-26.4%,-23.2%,-23.7%
TX,Beauty & Personal Care,2020-05-11,-58.6%,-50.0%,-52.7%
TX,"Charities, Education & Membership",2020-05-11,-48.2%,-28.9%,-44.5%
TX,Food & Drink,2020-05-11,-37.5%,-28.4%,-35.7%
TX,Health Care and Fitness,2020-05-11,-21.5%,-20.9%,-19.6%
TX,Home and Repair,2020-05-11,8.4%,-18.5%,4.8%
TX,Leisure and Entertainment,2020-05-11,-46.8%,-42.3%,-48.2%
TX,Other,2020-05-11,-24.8%,-24.5%,-27.5%
TX,Professional Services,2020-05-11,-34.0%,-24.1%,-28.7%
TX,Retail,2020-05-11,-25.1%,-22.2%,-24.4%
TX,Transportation,2020-05-11,-31.4%,-26.4%,-27.6%
TX,Beauty & Personal Care,2020-05-10,-74.2%,-58.9%,-72.3%
TX,"Charities, Education & Membership",2020-05-10,-67.9%,-54.9%,-73.8%
TX,Food & Drink,2020-05-10,-43.5%,-34.4%,-42.4%
TX,Health Care and Fitness,2020-05-10,-24.1%,-42.9%,-30.3%
TX,Home and Repair,2020-05-10,-36.4%,-20.0%,-28.1%
TX,Leisure and Entertainment,2020-05-10,-66.0%,-61.0%,-66.6%
TX,Other,2020-05-10,-45.3%,-36.9%,-45.6%
TX,Professional Services,2020-05-10,-38.7%,-27.3%,-41.9%
TX,Retail,2020-05-10,-28.5%,-29.3%,-30.4%
TX,Transportation,2020-05-10,-43.0%,-39.1%,-34.0%
TX,Beauty & Personal Care,2020-05-09,-71.0%,-58.7%,-74.0%
TX,"Charities, Education & Membership",2020-05-09,-64.6%,-59.0%,-66.3%
TX,Food & Drink,2020-05-09,-40.8%,-27.1%,-38.2%
TX,Health Care and Fitness,2020-05-09,-31.8%,-35.0%,-35.6%
TX,Home and Repair,2020-05-09,1.7%,-11.6%,4.0%
TX,Leisure and Entertainment,2020-05-09,-66.2%,-52.9%,-63.4%
TX,Other,2020-05-09,-42.9%,-32.3%,-42.0%
TX,Professional Services,2020-05-09,-29.0%,-27.4%,-31.6%
TX,Retail,2020-05-09,-24.1%,-21.2%,-25.0%
TX,Transportation,2020-05-09,-40.4%,-32.5%,-39.6%
TX,Beauty & Personal Care,2020-05-08,-68.5%,-56.8%,-64.4%
TX,"Charities, Education & Membership",2020-05-08,-53.0%,-40.2%,-52.1%
TX,Food & Drink,2020-05-08,-37.5%,-26.8%,-36.1%
TX,Health Care and Fitness,2020-05-08,-27.8%,-26.5%,-26.3%
TX,Home and Repair,2020-05-08,10.4%,-22.2%,6.8%
TX,Leisure and Entertainment,2020-05-08,-48.0%,-48.0%,-48.7%
TX,Other,2020-05-08,-28.6%,-29.7%,-31.3%
TX,Professional Services,2020-05-08,-34.1%,-26.5%,-33.1%
TX,Retail,2020-05-08,-20.1%,-20.8%,-21.4%
TX,Transportation,2020-05-08,-38.9%,-16.8%,-30.3%
TX,Beauty & Personal Care,2020-05-07,-79.3%,-72.9%,-74.7%
TX,"Charities, Education & Membership",2020-05-07,-54.8%,-38.2%,-52.1%
TX,Food & Drink,2020-05-07,-38.3%,-27.1%,-37.2%
TX,Health Care and Fitness,2020-05-07,-28.7%,-29.5%,-27.6%
TX,Home and Repair,2020-05-07,14.6%,-21.2%,9.9%
TX,Leisure and Entertainment,2020-05-07,-53.9%,-48.5%,-55.8%
TX,Other,2020-05-07,-29.5%,-32.7%,-32.7%
TX,Professional Services,2020-05-07,-37.3%,-28.8%,-33.7%
TX,Retail,2020-05-07,-21.7%,-21.8%,-22.2%
TX,Transportation,2020-05-07,-27.3%,-23.2%,-23.8%
TX,Beauty & Personal Care,2020-05-06,-83.2%,-84.2%,-80.6%
TX,"Charities, Education & Membership",2020-05-06,-55.3%,-42.3%,-52.6%
TX,Food & Drink,2020-05-06,-37.7%,-28.7%,-37.6%
TX,Health Care and Fitness,2020-05-06,-26.5%,-27.8%,-25.6%
TX,Home and Repair,2020-05-06,17.3%,-18.0%,10.7%
TX,Leisure and Entertainment,2020-05-06,-55.5%,-44.0%,-55.8%
TX,Other,2020-05-06,-27.4%,-31.7%,-30.1%
TX,Professional Services,2020-05-06,-36.5%,-27.0%,-33.6%
TX,Retail,2020-05-06,-25.0%,-22.8%,-25.6%
TX,Transportation,2020-05-06,-33.8%,-17.6%,-28.4%
TX,Beauty & Personal Care,2020-05-05,-80.5%,-81.0%,-77.0%
TX,"Charities, Education & Membership",2020-05-05,-54.9%,-39.0%,-52.5%
TX,Food & Drink,2020-05-05,-38.1%,-29.1%,-37.6%
TX,Health Care and Fitness,2020-05-05,-30.1%,-31.3%,-29.2%
TX,Home and Repair,2020-05-05,7.6%,-19.8%,2.4%
TX,Leisure and Entertainment,2020-05-05,-47.9%,-42.9%,-48.7%
TX,Other,2020-05-05,-30.7%,-34.0%,-32.8%
TX,Professional Services,2020-05-05,-38.0%,-25.8%,-32.4%
TX,Retail,2020-05-05,-25.4%,-23.8%,-24.8%
TX,Transportation,2020-05-05,-31.8%,-23.2%,-25.0%
TX,Beauty & Personal Care,2020-05-04,-77.7%,-80.0%,-72.2%
TX,"Charities, Education & Membership",2020-05-04,-47.6%,-30.7%,-43.0%
TX,Food & Drink,2020-05-04,-40.3%,-30.9%,-38.5%
TX,Health Care and Fitness,2020-05-04,-28.1%,-27.4%,-25.7%
TX,Home and Repair,2020-05-04,3.8%,-28.4%,-0.6%
TX,Leisure and Entertainment,2020-05-04,-55.4%,-47.9%,-55.9%
TX,Other,2020-05-04,-29.2%,-29.0%,-30.5%
TX,Professional Services,2020-05-04,-35.1%,-24.6%,-32.4%
TX,Retail,2020-05-04,-26.0%,-23.0%,-25.0%
TX,Transportation,2020-05-04,-36.6%,-23.2%,-23.5%
TX,Beauty & Personal Care,2020-05-03,-92.2%,-92.5%,-89.8%
TX,"Charities, Education & Membership",2020-05-03,-52.8%,-49.3%,-60.2%
TX,Food & Drink,2020-05-03,-50.3%,-35.5%,-48.5%
TX,Health Care and Fitness,2020-05-03,-27.5%,-48.7%,-38.9%
TX,Home and Repair,2020-05-03,-48.5%,0.0%,-46.8%
TX,Leisure and Entertainment,2020-05-03,-74.6%,-62.6%,-74.3%
TX,Other,2020-05-03,-48.3%,-37.9%,-48.8%
TX,Professional Services,2020-05-03,-39.7%,-23.1%,-37.6%
TX,Retail,2020-05-03,-31.7%,-33.9%,-31.1%
TX,Transportation,2020-05-03,-43.0%,-30.4%,-33.0%
TX,Beauty & Personal Care,2020-05-02,-90.4%,-85.0%,-89.0%
TX,"Charities, Education & Membership",2020-05-02,-59.9%,-57.1%,-66.3%
TX,Food & Drink,2020-05-02,-48.3%,-30.6%,-45.0%
TX,Health Care and Fitness,2020-05-02,-44.3%,-53.5%,-47.2%
TX,Home and Repair,2020-05-02,-27.6%,-25.6%,-23.6%
TX,Leisure and Entertainment,2020-05-02,-77.6%,-61.4%,-75.4%
TX,Other,2020-05-02,-47.5%,-37.8%,-46.9%
TX,Professional Services,2020-05-02,-42.5%,-33.2%,-43.9%
TX,Retail,2020-05-02,-35.1%,-29.6%,-33.9%
TX,Transportation,2020-05-02,-49.6%,-37.7%,-45.1%
TX,Beauty & Personal Care,2020-05-01,-88.5%,-78.4%,-83.5%
TX,"Charities, Education & Membership",2020-05-01,-60.6%,-41.8%,-58.3%
TX,Food & Drink,2020-05-01,-43.7%,-30.6%,-42.6%
TX,Health Care and Fitness,2020-05-01,-34.3%,-33.7%,-31.3%
TX,Home and Repair,2020-05-01,2.7%,-25.9%,-2.1%
TX,Leisure and Entertainment,2020-05-01,-58.7%,-52.3%,-62.1%
TX,Other,2020-05-01,-33.8%,-32.8%,-35.3%
TX,Professional Services,2020-05-01,-39.9%,-30.9%,-38.5%
TX,Retail,2020-05-01,-31.7%,-28.3%,-31.3%
TX,Transportation,2020-05-01,-39.4%,-26.4%,-33.2%
TX,Beauty & Personal Care,2020-04-30,-86.1%,-86.5%,-81.6%
TX,"Charities, Education & Membership",2020-04-30,-63.0%,-39.7%,-59.1%
TX,Food & Drink,2020-04-30,-48.0%,-33.9%,-46.7%
TX,Health Care and Fitness,2020-04-30,-34.8%,-35.1%,-32.5%
TX,Home and Repair,2020-04-30,-2.1%,-27.5%,-9.3%
TX,Leisure and Entertainment,2020-04-30,-63.3%,-58.8%,-66.3%
TX,Other,2020-04-30,-36.0%,-36.3%,-37.6%
TX,Professional Services,2020-04-30,-41.5%,-27.9%,-36.8%
TX,Retail,2020-04-30,-35.9%,-33.3%,-36.0%
TX,Transportation,2020-04-30,-36.0%,-23.2%,-32.8%
TX,Beauty & Personal Care,2020-04-29,-81.5%,-86.2%,-78.4%
TX,"Charities, Education & Membership",2020-04-29,-59.2%,-43.9%,-56.8%
TX,Food & Drink,2020-04-29,-48.7%,-36.0%,-47.6%
TX,Health Care and Fitness,2020-04-29,-34.4%,-33.3%,-31.9%
TX,Home and Repair,2020-04-29,-3.0%,-24.3%,-7.9%
TX,Leisure and Entertainment,2020-04-29,-60.8%,-60.5%,-62.7%
TX,Other,2020-04-29,-34.7%,-35.4%,-36.7%
TX,Professional Services,2020-04-29,-40.6%,-28.9%,-36.3%
TX,Retail,2020-04-29,-39.7%,-32.9%,-39.3%
TX,Transportation,2020-04-29,-38.0%,-20.6%,-31.9%
TX,Beauty & Personal Care,2020-04-28,-80.8%,-78.8%,-77.7%
TX,"Charities, Education & Membership",2020-04-28,-60.9%,-44.4%,-58.7%
TX,Food & Drink,2020-04-28,-49.6%,-37.1%,-48.5%
TX,Health Care and Fitness,2020-04-28,-35.4%,-34.4%,-34.0%
TX,Home and Repair,2020-04-28,-10.3%,-29.5%,-11.5%
TX,Leisure and Entertainment,2020-04-28,-59.3%,-55.0%,-62.6%
TX,Other,2020-04-28,-36.5%,-34.7%,-37.5%
TX,Professional Services,2020-04-28,-42.4%,-30.6%,-36.9%
TX,Retail,2020-04-28,-39.6%,-33.4%,-38.3%
TX,Transportation,2020-04-28,-31.0%,-20.0%,-24.3%
TX,Beauty & Personal Care,2020-04-27,-79.7%,-82.5%,-73.1%
TX,"Charities, Education & Membership",2020-04-27,-56.4%,-36.8%,-50.6%
TX,Food & Drink,2020-04-27,-50.2%,-36.9%,-48.5%
TX,Health Care and Fitness,2020-04-27,-34.6%,-31.7%,-30.9%
TX,Home and Repair,2020-04-27,-5.0%,-23.5%,-8.8%
TX,Leisure and Entertainment,2020-04-27,-59.5%,-53.5%,-62.5%
TX,Other,2020-04-27,-34.0%,-32.8%,-34.7%
TX,Professional Services,2020-04-27,-40.0%,-28.1%,-35.8%
TX,Retail,2020-04-27,-39.9%,-32.6%,-38.1%
TX,Transportation,2020-04-27,-41.8%,-13.6%,-32.8%
TX,Beauty & Personal Care,2020-04-26,-92.4%,-92.5%,-89.8%
TX,"Charities, Education & Membership",2020-04-26,-59.1%,-46.5%,-62.3%
TX,Food & Drink,2020-04-26,-59.5%,-43.8%,-57.5%
TX,Health Care and Fitness,2020-04-26,-27.8%,-49.6%,-40.3%
TX,Home and Repair,2020-04-26,-75.6%,-46.7%,-72.4%
TX,Leisure and Entertainment,2020-04-26,-80.9%,-69.1%,-81.5%
TX,Other,2020-04-26,-54.8%,-43.1%,-54.8%
TX,Professional Services,2020-04-26,-44.9%,-34.3%,-42.3%
TX,Retail,2020-04-26,-44.1%,-43.6%,-44.0%
TX,Transportation,2020-04-26,-47.5%,-13.0%,-36.1%
TX,Beauty & Personal Care,2020-04-25,-92.9%,-85.0%,-89.0%
TX,"Charities, Education & Membership",2020-04-25,-61.8%,-62.9%,-60.9%
TX,Food & Drink,2020-04-25,-56.7%,-37.8%,-53.6%
TX,Health Care and Fitness,2020-04-25,-45.6%,-53.9%,-50.2%
TX,Home and Repair,2020-04-25,-39.0%,-32.6%,-37.2%
TX,Leisure and Entertainment,2020-04-25,-81.9%,-65.7%,-80.4%
TX,Other,2020-04-25,-54.5%,-40.4%,-52.0%
TX,Professional Services,2020-04-25,-45.5%,-35.1%,-44.5%
TX,Retail,2020-04-25,-47.6%,-41.1%,-45.5%
TX,Transportation,2020-04-25,-51.6%,-27.3%,-45.1%
TX,Beauty & Personal Care,2020-04-24,-90.1%,-91.0%,-86.7%
TX,"Charities, Education & Membership",2020-04-24,-64.0%,-46.7%,-60.4%
TX,Food & Drink,2020-04-24,-52.7%,-37.2%,-50.9%
TX,Health Care and Fitness,2020-04-24,-39.3%,-36.2%,-38.4%
TX,Home and Repair,2020-04-24,-9.0%,-28.4%,-9.2%
TX,Leisure and Entertainment,2020-04-24,-67.7%,-62.5%,-69.1%
TX,Other,2020-04-24,-40.0%,-35.1%,-39.6%
TX,Professional Services,2020-04-24,-47.4%,-32.4%,-42.4%
TX,Retail,2020-04-24,-44.0%,-36.3%,-42.1%
TX,Transportation,2020-04-24,-33.7%,-16.8%,-29.8%
TX,Beauty & Personal Care,2020-04-23,-84.9%,-90.3%,-82.3%
TX,"Charities, Education & Membership",2020-04-23,-65.6%,-42.7%,-60.8%
TX,Food & Drink,2020-04-23,-51.9%,-37.5%,-50.7%
TX,Health Care and Fitness,2020-04-23,-39.0%,-36.5%,-37.3%
TX,Home and Repair,2020-04-23,-5.3%,-30.0%,-7.7%
TX,Leisure and Entertainment,2020-04-23,-67.5%,-63.2%,-70.0%
TX,Other,2020-04-23,-39.4%,-37.8%,-40.9%
TX,Professional Services,2020-04-23,-44.6%,-31.2%,-40.7%
TX,Retail,2020-04-23,-43.5%,-38.7%,-42.2%
TX,Transportation,2020-04-23,-37.7%,-23.2%,-28.6%
TX,Beauty & Personal Care,2020-04-22,-83.8%,-88.2%,-81.3%
TX,"Charities, Education & Membership",2020-04-22,-64.8%,-48.5%,-61.5%
TX,Food & Drink,2020-04-22,-52.0%,-39.1%,-50.8%
TX,Health Care and Fitness,2020-04-22,-38.4%,-35.0%,-36.6%
TX,Home and Repair,2020-04-22,-14.3%,-34.4%,-14.9%
TX,Leisure and Entertainment,2020-04-22,-65.1%,-63.8%,-68.1%
TX,Other,2020-04-22,-38.4%,-35.8%,-38.1%
TX,Professional Services,2020-04-22,-42.1%,-29.4%,-38.5%
TX,Retail,2020-04-22,-46.0%,-39.6%,-43.5%
TX,Transportation,2020-04-22,-35.9%,-26.7%,-27.8%
TX,Beauty & Personal Care,2020-04-21,-85.5%,-87.3%,-82.9%
TX,"Charities, Education & Membership",2020-04-21,-64.5%,-45.1%,-60.4%
TX,Food & Drink,2020-04-21,-52.2%,-39.8%,-51.1%
TX,Health Care and Fitness,2020-04-21,-40.2%,-34.4%,-38.1%
TX,Home and Repair,2020-04-21,-11.9%,-28.3%,-12.0%
TX,Leisure and Entertainment,2020-04-21,-63.0%,-60.2%,-65.8%
TX,Other,2020-04-21,-38.7%,-35.4%,-40.0%
TX,Professional Services,2020-04-21,-44.9%,-30.6%,-40.2%
TX,Retail,2020-04-21,-46.6%,-39.2%,-44.5%
TX,Transportation,2020-04-21,-38.9%,-23.2%,-29.3%
TX,Beauty & Personal Care,2020-04-20,-81.3%,-82.5%,-81.4%
TX,"Charities, Education & Membership",2020-04-20,-57.2%,-36.8%,-51.3%
TX,Food & Drink,2020-04-20,-52.8%,-40.5%,-51.2%
TX,Health Care and Fitness,2020-04-20,-38.7%,-31.4%,-35.3%
TX,Home and Repair,2020-04-20,-13.4%,-29.6%,-14.0%
TX,Leisure and Entertainment,2020-04-20,-65.4%,-60.9%,-68.7%
TX,Other,2020-04-20,-37.9%,-33.9%,-37.5%
TX,Professional Services,2020-04-20,-42.2%,-28.1%,-37.9%
TX,Retail,2020-04-20,-47.1%,-38.2%,-44.3%
TX,Transportation,2020-04-20,-41.1%,-23.2%,-31.7%
TX,Beauty & Personal Care,2020-04-19,-92.9%,-96.3%,-91.2%
TX,"Charities, Education & Membership",2020-04-19,-57.3%,-54.9%,-65.6%
TX,Food & Drink,2020-04-19,-61.5%,-45.1%,-59.4%
TX,Health Care and Fitness,2020-04-19,-34.0%,-49.6%,-42.3%
TX,Home and Repair,2020-04-19,-90.1%,-53.3%,-78.3%
TX,Leisure and Entertainment,2020-04-19,-83.7%,-70.7%,-84.2%
TX,Other,2020-04-19,-59.0%,-48.0%,-58.4%
TX,Professional Services,2020-04-19,-42.4%,-35.7%,-41.9%
TX,Retail,2020-04-19,-50.5%,-49.9%,-49.4%
TX,Transportation,2020-04-19,-46.4%,-13.0%,-35.1%
TX,Beauty & Personal Care,2020-04-18,-93.7%,-92.5%,-91.8%
TX,"Charities, Education & Membership",2020-04-18,-63.1%,-68.8%,-64.4%
TX,Food & Drink,2020-04-18,-59.2%,-40.4%,-56.3%
TX,Health Care and Fitness,2020-04-18,-49.3%,-56.1%,-54.8%
TX,Home and Repair,2020-04-18,-67.1%,-44.2%,-63.0%
TX,Leisure and Entertainment,2020-04-18,-84.5%,-71.4%,-83.2%
TX,Other,2020-04-18,-57.0%,-44.8%,-55.6%
TX,Professional Services,2020-04-18,-48.9%,-32.2%,-49.6%
TX,Retail,2020-04-18,-54.0%,-48.6%,-51.4%
TX,Transportation,2020-04-18,-40.1%,-42.9%,-45.1%
TX,Beauty & Personal Care,2020-04-17,-92.6%,-83.8%,-89.8%
TX,"Charities, Education & Membership",2020-04-17,-63.6%,-42.6%,-58.9%
TX,Food & Drink,2020-04-17,-56.0%,-40.1%,-54.1%
TX,Health Care and Fitness,2020-04-17,-44.2%,-40.6%,-42.9%
TX,Home and Repair,2020-04-17,-12.4%,-27.2%,-10.6%
TX,Leisure and Entertainment,2020-04-17,-70.2%,-65.3%,-72.8%
TX,Other,2020-04-17,-43.3%,-36.7%,-42.9%
TX,Professional Services,2020-04-17,-47.4%,-32.4%,-43.1%
TX,Retail,2020-04-17,-49.0%,-42.0%,-46.7%
TX,Transportation,2020-04-17,-39.0%,-26.4%,-33.8%
TX,Beauty & Personal Care,2020-04-16,-84.5%,-84.5%,-82.3%
TX,"Charities, Education & Membership",2020-04-16,-64.7%,-41.2%,-60.0%
TX,Food & Drink,2020-04-16,-55.4%,-40.5%,-54.1%
TX,Health Care and Fitness,2020-04-16,-44.0%,-37.5%,-41.7%
TX,Home and Repair,2020-04-16,-9.7%,-28.7%,-10.7%
TX,Leisure and Entertainment,2020-04-16,-70.6%,-64.7%,-72.7%
TX,Other,2020-04-16,-41.5%,-39.4%,-42.4%
TX,Professional Services,2020-04-16,-47.0%,-30.2%,-42.2%
TX,Retail,2020-04-16,-48.1%,-42.0%,-46.3%
TX,Transportation,2020-04-16,-35.4%,-32.8%,-31.0%
TX,Beauty & Personal Care,2020-04-15,-85.5%,-88.2%,-84.2%
TX,"Charities, Education & Membership",2020-04-15,-65.0%,-46.2%,-60.7%
TX,Food & Drink,2020-04-15,-55.1%,-41.7%,-54.2%
TX,Health Care and Fitness,2020-04-15,-41.5%,-38.5%,-40.2%
TX,Home and Repair,2020-04-15,-12.7%,-28.1%,-12.4%
TX,Leisure and Entertainment,2020-04-15,-67.4%,-62.1%,-69.6%
TX,Other,2020-04-15,-39.7%,-37.2%,-41.3%
TX,Professional Services,2020-04-15,-46.1%,-28.9%,-41.5%
TX,Retail,2020-04-15,-49.7%,-42.3%,-47.6%
TX,Transportation,2020-04-15,-41.8%,-29.8%,-33.0%
TX,Beauty & Personal Care,2020-04-14,-83.2%,-85.2%,-82.9%
TX,"Charities, Education & Membership",2020-04-14,-64.7%,-42.9%,-59.2%
TX,Food & Drink,2020-04-14,-55.3%,-41.8%,-54.0%
TX,Health Care and Fitness,2020-04-14,-42.6%,-37.9%,-42.2%
TX,Home and Repair,2020-04-14,-21.7%,-31.9%,-23.0%
TX,Leisure and Entertainment,2020-04-14,-63.4%,-63.6%,-66.6%
TX,Other,2020-04-14,-41.0%,-39.1%,-42.3%
TX,Professional Services,2020-04-14,-45.6%,-32.5%,-42.2%
TX,Retail,2020-04-14,-49.1%,-42.5%,-46.7%
TX,Transportation,2020-04-14,-32.6%,-29.6%,-25.6%
TX,Beauty & Personal Care,2020-04-13,-83.4%,-90.0%,-82.4%
TX,"Charities, Education & Membership",2020-04-13,-55.6%,-37.7%,-49.8%
TX,Food & Drink,2020-04-13,-57.0%,-43.7%,-55.4%
TX,Health Care and Fitness,2020-04-13,-41.4%,-35.2%,-38.8%
TX,Home and Repair,2020-04-13,-21.9%,-38.3%,-24.1%
TX,Leisure and Entertainment,2020-04-13,-66.8%,-60.9%,-69.1%
TX,Other,2020-04-13,-42.3%,-36.3%,-41.8%
TX,Professional Services,2020-04-13,-45.8%,-29.6%,-41.0%
TX,Retail,2020-04-13,-49.0%,-40.3%,-46.6%
TX,Transportation,2020-04-13,-44.6%,-32.8%,-32.8%
TX,Beauty & Personal Care,2020-04-12,-92.4%,-96.3%,-89.8%
TX,"Charities, Education & Membership",2020-04-12,-62.9%,-54.9%,-68.9%
TX,Food & Drink,2020-04-12,-72.4%,-57.9%,-70.9%
TX,Health Care and Fitness,2020-04-12,-37.2%,-63.9%,-49.5%
TX,Home and Repair,2020-04-12,-96.6%,-73.3%,-91.1%
TX,Leisure and Entertainment,2020-04-12,-85.5%,-74.0%,-84.8%
TX,Other,2020-04-12,-66.2%,-55.6%,-65.6%
TX,Professional Services,2020-04-12,-57.6%,-31.5%,-52.6%
TX,Retail,2020-04-12,-62.9%,-65.7%,-63.1%
TX,Transportation,2020-04-12,-53.5%,-39.1%,-42.3%
TX,Beauty & Personal Care,2020-04-11,-93.5%,-92.5%,-91.8%
TX,"Charities, Education & Membership",2020-04-11,-59.7%,-64.9%,-56.9%
TX,Food & Drink,2020-04-11,-60.7%,-42.2%,-57.9%
TX,Health Care and Fitness,2020-04-11,-52.4%,-58.7%,-58.5%
TX,Home and Repair,2020-04-11,-68.8%,-58.1%,-63.6%
TX,Leisure and Entertainment,2020-04-11,-85.9%,-71.4%,-83.9%
TX,Other,2020-04-11,-63.7%,-51.6%,-61.1%
TX,Professional Services,2020-04-11,-50.9%,-40.0%,-48.1%
TX,Retail,2020-04-11,-54.9%,-49.1%,-52.3%
TX,Transportation,2020-04-11,-47.3%,-48.1%,-46.7%
TX,Beauty & Personal Care,2020-04-10,-95.2%,-91.0%,-93.0%
TX,"Charities, Education & Membership",2020-04-10,-75.3%,-58.8%,-70.5%
TX,Food & Drink,2020-04-10,-58.4%,-42.2%,-56.6%
TX,Health Care and Fitness,2020-04-10,-51.6%,-47.6%,-51.0%
TX,Home and Repair,2020-04-10,-32.2%,-39.5%,-32.1%
TX,Leisure and Entertainment,2020-04-10,-76.7%,-68.2%,-77.1%
TX,Other,2020-04-10,-53.0%,-43.8%,-52.1%
TX,Professional Services,2020-04-10,-55.5%,-33.8%,-46.6%
TX,Retail,2020-04-10,-53.2%,-47.2%,-51.6%
TX,Transportation,2020-04-10,-49.3%,-32.8%,-41.9%
TX,Beauty & Personal Care,2020-04-09,-85.7%,-86.5%,-83.6%
TX,"Charities, Education & Membership",2020-04-09,-63.9%,-41.2%,-59.1%
TX,Food & Drink,2020-04-09,-57.6%,-41.5%,-55.8%
TX,Health Care and Fitness,2020-04-09,-42.8%,-38.7%,-40.5%
TX,Home and Repair,2020-04-09,-15.8%,-31.2%,-17.2%
TX,Leisure and Entertainment,2020-04-09,-69.2%,-64.7%,-72.0%
TX,Other,2020-04-09,-44.1%,-39.6%,-44.6%
TX,Professional Services,2020-04-09,-45.4%,-28.8%,-41.6%
TX,Retail,2020-04-09,-50.8%,-44.6%,-48.1%
TX,Transportation,2020-04-09,-41.6%,-29.6%,-31.0%
TX,Beauty & Personal Care,2020-04-08,-83.2%,-86.2%,-83.5%
TX,"Charities, Education & Membership",2020-04-08,-62.3%,-46.2%,-57.4%
TX,Food & Drink,2020-04-08,-56.2%,-41.2%,-55.1%
TX,Health Care and Fitness,2020-04-08,-40.7%,-36.9%,-39.4%
TX,Home and Repair,2020-04-08,-9.0%,-30.6%,-13.8%
TX,Leisure and Entertainment,2020-04-08,-64.6%,-60.5%,-66.0%
TX,Other,2020-04-08,-41.4%,-38.1%,-41.6%
TX,Professional Services,2020-04-08,-47.5%,-31.7%,-42.4%
TX,Retail,2020-04-08,-52.0%,-44.6%,-49.6%
TX,Transportation,2020-04-08,-42.0%,-32.8%,-31.9%
TX,Beauty & Personal Care,2020-04-07,-86.1%,-87.3%,-85.9%
TX,"Charities, Education & Membership",2020-04-07,-63.8%,-42.9%,-58.2%
TX,Food & Drink,2020-04-07,-56.1%,-42.0%,-54.5%
TX,Health Care and Fitness,2020-04-07,-43.7%,-37.9%,-42.0%
TX,Home and Repair,2020-04-07,-18.6%,-31.9%,-23.3%
TX,Leisure and Entertainment,2020-04-07,-63.0%,-55.0%,-64.2%
TX,Other,2020-04-07,-43.0%,-39.1%,-44.2%
TX,Professional Services,2020-04-07,-47.6%,-31.0%,-41.8%
TX,Retail,2020-04-07,-51.5%,-44.8%,-48.9%
TX,Transportation,2020-04-07,-42.8%,-32.8%,-33.0%
TX,Beauty & Personal Care,2020-04-06,-81.3%,-85.0%,-75.9%
TX,"Charities, Education & Membership",2020-04-06,-59.1%,-36.8%,-50.0%
TX,Food & Drink,2020-04-06,-56.5%,-42.6%,-54.6%
TX,Health Care and Fitness,2020-04-06,-40.6%,-32.7%,-37.7%
TX,Home and Repair,2020-04-06,-19.1%,-34.6%,-19.5%
TX,Leisure and Entertainment,2020-04-06,-66.3%,-66.5%,-69.8%
TX,Other,2020-04-06,-41.0%,-35.4%,-40.4%
TX,Professional Services,2020-04-06,-43.2%,-25.6%,-38.1%
TX,Retail,2020-04-06,-51.9%,-41.9%,-48.9%
TX,Transportation,2020-04-06,-40.3%,-29.6%,-31.1%
TX,Beauty & Personal Care,2020-04-05,-91.0%,-92.5%,-88.3%
TX,"Charities, Education & Membership",2020-04-05,-46.0%,-46.5%,-54.7%
TX,Food & Drink,2020-04-05,-64.1%,-45.1%,-61.3%
TX,Health Care and Fitness,2020-04-05,-29.9%,-53.8%,-43.9%
TX,Home and Repair,2020-04-05,-93.5%,-53.3%,-90.1%
TX,Leisure and Entertainment,2020-04-05,-83.0%,-70.7%,-82.7%
TX,Other,2020-04-05,-61.8%,-48.7%,-60.1%
TX,Professional Services,2020-04-05,-40.0%,-37.1%,-41.4%
TX,Retail,2020-04-05,-54.0%,-54.8%,-54.3%
TX,Transportation,2020-04-05,-49.5%,-47.8%,-41.2%
TX,Beauty & Personal Care,2020-04-04,-94.0%,-88.7%,-91.1%
TX,"Charities, Education & Membership",2020-04-04,-56.3%,-64.9%,-59.4%
TX,Food & Drink,2020-04-04,-63.0%,-42.4%,-59.3%
TX,Health Care and Fitness,2020-04-04,-50.9%,-60.8%,-56.8%
TX,Home and Repair,2020-04-04,-81.4%,-41.9%,-74.2%
TX,Leisure and Entertainment,2020-04-04,-84.4%,-68.6%,-81.9%
TX,Other,2020-04-04,-62.6%,-48.2%,-59.9%
TX,Professional Services,2020-04-04,-48.9%,-37.0%,-45.4%
TX,Retail,2020-04-04,-58.8%,-50.2%,-54.7%
TX,Transportation,2020-04-04,-53.3%,-48.1%,-48.2%
TX,Beauty & Personal Care,2020-04-03,-93.3%,-89.2%,-91.7%
TX,"Charities, Education & Membership",2020-04-03,-65.6%,-43.4%,-61.2%
TX,Food & Drink,2020-04-03,-59.2%,-40.4%,-56.4%
TX,Health Care and Fitness,2020-04-03,-44.9%,-38.7%,-43.7%
TX,Home and Repair,2020-04-03,-23.3%,-33.3%,-24.7%
TX,Leisure and Entertainment,2020-04-03,-71.8%,-66.8%,-72.5%
TX,Other,2020-04-03,-47.2%,-38.7%,-46.4%
TX,Professional Services,2020-04-03,-45.7%,-28.9%,-40.1%
TX,Retail,2020-04-03,-52.6%,-45.2%,-50.5%
TX,Transportation,2020-04-03,-41.3%,-26.4%,-33.2%
TX,Beauty & Personal Care,2020-04-02,-90.0%,-86.5%,-87.0%
TX,"Charities, Education & Membership",2020-04-02,-66.4%,-45.8%,-61.2%
TX,Food & Drink,2020-04-02,-58.8%,-41.6%,-56.8%
TX,Health Care and Fitness,2020-04-02,-43.4%,-39.8%,-42.9%
TX,Home and Repair,2020-04-02,-19.6%,-31.2%,-23.0%
TX,Leisure and Entertainment,2020-04-02,-63.7%,-61.8%,-68.6%
TX,Other,2020-04-02,-44.9%,-39.6%,-46.2%
TX,Professional Services,2020-04-02,-47.1%,-30.2%,-41.5%
TX,Retail,2020-04-02,-51.6%,-45.7%,-49.8%
TX,Transportation,2020-04-02,-34.0%,-20.0%,-27.4%
TX,Beauty & Personal Care,2020-04-01,-85.8%,-88.2%,-84.2%
TX,"Charities, Education & Membership",2020-04-01,-63.9%,-47.8%,-59.0%
TX,Food & Drink,2020-04-01,-58.1%,-42.3%,-56.7%
TX,Health Care and Fitness,2020-04-01,-41.4%,-36.1%,-39.8%
TX,Home and Repair,2020-04-01,-14.3%,-30.6%,-18.3%
TX,Leisure and Entertainment,2020-04-01,-65.8%,-58.8%,-68.1%
TX,Other,2020-04-01,-43.7%,-36.1%,-43.4%
TX,Professional Services,2020-04-01,-44.6%,-30.3%,-40.0%
TX,Retail,2020-04-01,-52.6%,-43.6%,-50.4%
TX,Transportation,2020-04-01,-39.4%,-29.8%,-33.0%
TX,Beauty & Personal Care,2020-03-31,-82.1%,-81.0%,-79.2%
TX,"Charities, Education & Membership",2020-03-31,-65.9%,-44.4%,-59.2%
TX,Food & Drink,2020-03-31,-57.0%,-41.4%,-55.1%
TX,Health Care and Fitness,2020-03-31,-41.5%,-35.6%,-41.3%
TX,Home and Repair,2020-03-31,-17.7%,-31.9%,-21.7%
TX,Leisure and Entertainment,2020-03-31,-61.3%,-55.0%,-62.6%
TX,Other,2020-03-31,-43.0%,-38.3%,-43.7%
TX,Professional Services,2020-03-31,-46.7%,-32.5%,-41.8%
TX,Retail,2020-03-31,-51.7%,-45.3%,-50.5%
TX,Transportation,2020-03-31,-38.2%,-29.6%,-28.1%
TX,Beauty & Personal Care,2020-03-30,-79.2%,-80.0%,-77.7%
TX,"Charities, Education & Membership",2020-03-30,-57.6%,-36.0%,-49.5%
TX,Food & Drink,2020-03-30,-57.1%,-40.7%,-54.2%
TX,Health Care and Fitness,2020-03-30,-39.5%,-33.7%,-36.5%
TX,Home and Repair,2020-03-30,-21.3%,-34.6%,-21.6%
TX,Leisure and Entertainment,2020-03-30,-66.0%,-62.8%,-70.2%
TX,Other,2020-03-30,-42.8%,-35.6%,-41.4%
TX,Professional Services,2020-03-30,-43.4%,-30.6%,-38.1%
TX,Retail,2020-03-30,-51.5%,-44.5%,-49.6%
TX,Transportation,2020-03-30,-43.5%,-26.4%,-38.1%
TX,Beauty & Personal Care,2020-03-29,-98.1%,-92.5%,-97.1%
TX,"Charities, Education & Membership",2020-03-29,-60.0%,-54.9%,-65.6%
TX,Food & Drink,2020-03-29,-63.4%,-44.1%,-60.5%
TX,Health Care and Fitness,2020-03-29,-28.1%,-50.4%,-38.7%
TX,Home and Repair,2020-03-29,-89.4%,-60.0%,-85.2%
TX,Leisure and Entertainment,2020-03-29,-80.5%,-67.5%,-81.2%
TX,Other,2020-03-29,-60.1%,-47.6%,-59.0%
TX,Professional Services,2020-03-29,-40.0%,-34.3%,-40.4%
TX,Retail,2020-03-29,-51.2%,-51.6%,-50.3%
TX,Transportation,2020-03-29,-53.0%,-56.5%,-43.3%
TX,Beauty & Personal Care,2020-03-28,-95.3%,-92.5%,-92.5%
TX,"Charities, Education & Membership",2020-03-28,-65.6%,-61.0%,-63.4%
TX,Food & Drink,2020-03-28,-61.8%,-40.3%,-58.1%
TX,Health Care and Fitness,2020-03-28,-45.8%,-56.9%,-53.7%
TX,Home and Repair,2020-03-28,-70.8%,-37.2%,-62.4%
TX,Leisure and Entertainment,2020-03-28,-84.5%,-70.0%,-80.4%
TX,Other,2020-03-28,-60.2%,-46.7%,-58.7%
TX,Professional Services,2020-03-28,-49.0%,-37.0%,-48.4%
TX,Retail,2020-03-28,-55.5%,-49.1%,-53.5%
TX,Transportation,2020-03-28,-43.3%,-37.7%,-40.4%
TX,Beauty & Personal Care,2020-03-27,-93.8%,-94.6%,-91.7%
TX,"Charities, Education & Membership",2020-03-27,-65.7%,-47.5%,-63.6%
TX,Food & Drink,2020-03-27,-59.2%,-39.1%,-56.0%
TX,Health Care and Fitness,2020-03-27,-42.6%,-37.7%,-41.7%
TX,Home and Repair,2020-03-27,-19.1%,-33.3%,-22.8%
TX,Leisure and Entertainment,2020-03-27,-67.1%,-65.3%,-67.9%
TX,Other,2020-03-27,-44.2%,-36.9%,-44.6%
TX,Professional Services,2020-03-27,-44.3%,-31.9%,-38.0%
TX,Retail,2020-03-27,-50.6%,-43.9%,-48.5%
TX,Transportation,2020-03-27,-33.4%,-20.0%,-29.2%
TX,Beauty & Personal Care,2020-03-26,-83.7%,-84.5%,-80.9%
TX,"Charities, Education & Membership",2020-03-26,-66.3%,-43.5%,-62.8%
TX,Food & Drink,2020-03-26,-57.3%,-39.1%,-54.5%
TX,Health Care and Fitness,2020-03-26,-40.0%,-35.6%,-38.4%
TX,Home and Repair,2020-03-26,-15.0%,-30.0%,-19.1%
TX,Leisure and Entertainment,2020-03-26,-63.2%,-63.2%,-66.6%
TX,Other,2020-03-26,-42.8%,-37.7%,-43.9%
TX,Professional Services,2020-03-26,-43.8%,-32.6%,-38.3%
TX,Retail,2020-03-26,-49.5%,-43.5%,-48.1%
TX,Transportation,2020-03-26,-30.0%,-26.4%,-25.6%
TX,Beauty & Personal Care,2020-03-25,-80.6%,-86.2%,-77.7%
TX,"Charities, Education & Membership",2020-03-25,-65.2%,-45.4%,-61.9%
TX,Food & Drink,2020-03-25,-56.4%,-39.0%,-54.0%
TX,Health Care and Fitness,2020-03-25,-37.5%,-31.6%,-35.4%
TX,Home and Repair,2020-03-25,-8.2%,-31.9%,-14.4%
TX,Leisure and Entertainment,2020-03-25,-63.9%,-58.8%,-67.1%
TX,Other,2020-03-25,-39.0%,-34.7%,-40.7%
TX,Professional Services,2020-03-25,-43.9%,-34.6%,-39.1%
TX,Retail,2020-03-25,-51.1%,-42.7%,-49.0%
TX,Transportation,2020-03-25,-32.9%,-20.6%,-27.3%
TX,Beauty & Personal Care,2020-03-24,-71.3%,-59.8%,-67.3%
TX,"Charities, Education & Membership",2020-03-24,-60.8%,-37.5%,-57.1%
TX,Food & Drink,2020-03-24,-53.6%,-36.5%,-51.3%
TX,Health Care and Fitness,2020-03-24,-35.8%,-30.1%,-34.4%
TX,Home and Repair,2020-03-24,-8.6%,-25.8%,-9.6%
TX,Leisure and Entertainment,2020-03-24,-55.3%,-55.0%,-58.2%
TX,Other,2020-03-24,-36.5%,-29.7%,-38.3%
TX,Professional Services,2020-03-24,-40.9%,-27.2%,-34.3%
TX,Retail,2020-03-24,-38.7%,-33.6%,-36.8%
TX,Transportation,2020-03-24,-25.2%,-16.8%,-21.9%
TX,Beauty & Personal Care,2020-03-23,-65.8%,-65.0%,-61.9%
TX,"Charities, Education & Membership",2020-03-23,-50.4%,-26.3%,-44.6%
TX,Food & Drink,2020-03-23,-50.9%,-32.0%,-47.3%
TX,Health Care and Fitness,2020-03-23,-29.2%,-25.4%,-27.1%
TX,Home and Repair,2020-03-23,-6.9%,-22.2%,-7.4%
TX,Leisure and Entertainment,2020-03-23,-61.0%,-46.0%,-61.7%
TX,Other,2020-03-23,-31.8%,-24.7%,-30.5%
TX,Professional Services,2020-03-23,-30.4%,-20.6%,-26.9%
TX,Retail,2020-03-23,-33.3%,-26.3%,-31.3%
TX,Transportation,2020-03-23,-30.1%,-13.6%,-22.3%
TX,Beauty & Personal Care,2020-03-22,-66.0%,-66.4%,-62.0%
TX,"Charities, Education & Membership",2020-03-22,-62.6%,-43.7%,-67.3%
TX,Food & Drink,2020-03-22,-57.2%,-35.2%,-52.4%
TX,Health Care and Fitness,2020-03-22,-24.5%,-27.7%,-30.0%
TX,Home and Repair,2020-03-22,-92.3%,-33.3%,-83.3%
TX,Leisure and Entertainment,2020-03-22,-78.2%,-65.9%,-75.2%
TX,Other,2020-03-22,-52.4%,-37.9%,-49.6%
TX,Professional Services,2020-03-22,-35.3%,-30.1%,-36.7%
TX,Retail,2020-03-22,-34.9%,-33.1%,-35.3%
TX,Transportation,2020-03-22,-45.8%,-47.8%,-35.1%
TX,Beauty & Personal Care,2020-03-21,-62.0%,-41.8%,-49.3%
TX,"Charities, Education & Membership",2020-03-21,-58.6%,-39.5%,-59.9%
TX,Food & Drink,2020-03-21,-54.8%,-29.3%,-49.3%
TX,Health Care and Fitness,2020-03-21,-33.1%,-29.4%,-33.7%
TX,Home and Repair,2020-03-21,-47.8%,-11.6%,-38.3%
TX,Leisure and Entertainment,2020-03-21,-73.6%,-52.9%,-70.4%
TX,Other,2020-03-21,-48.0%,-33.9%,-46.3%
TX,Professional Services,2020-03-21,-39.4%,-19.6%,-36.7%
TX,Retail,2020-03-21,-36.3%,-25.8%,-34.6%
TX,Transportation,2020-03-21,-46.5%,-42.9%,-43.5%
TX,Beauty & Personal Care,2020-03-20,-48.4%,-29.7%,-37.8%
TX,"Charities, Education & Membership",2020-03-20,-48.9%,-32.1%,-51.3%
TX,Food & Drink,2020-03-20,-47.5%,-26.1%,-43.2%
TX,Health Care and Fitness,2020-03-20,-22.2%,-17.6%,-21.5%
TX,Home and Repair,2020-03-20,-12.2%,-17.3%,-7.9%
TX,Leisure and Entertainment,2020-03-20,-58.1%,-46.6%,-56.0%
TX,Other,2020-03-20,-30.7%,-22.2%,-28.7%
TX,Professional Services,2020-03-20,-30.7%,-17.2%,-27.0%
TX,Retail,2020-03-20,-29.5%,-20.9%,-26.7%
TX,Transportation,2020-03-20,-32.8%,-10.4%,-27.4%
TX,Beauty & Personal Care,2020-03-19,-42.5%,-20.8%,-29.0%
TX,"Charities, Education & Membership",2020-03-19,-49.6%,-31.3%,-49.5%
TX,Food & Drink,2020-03-19,-41.4%,-21.4%,-37.3%
TX,Health Care and Fitness,2020-03-19,-18.2%,-16.1%,-17.9%
TX,Home and Repair,2020-03-19,2.8%,-11.2%,1.0%
TX,Leisure and Entertainment,2020-03-19,-47.7%,-36.8%,-48.4%
TX,Other,2020-03-19,-26.7%,-19.6%,-27.6%
TX,Professional Services,2020-03-19,-31.1%,-15.5%,-25.9%
TX,Retail,2020-03-19,-24.5%,-19.3%,-23.3%
TX,Transportation,2020-03-19,-23.5%,-16.8%,-17.8%
TX,Beauty & Personal Care,2020-03-18,-27.5%,-17.2%,-15.1%
TX,"Charities, Education & Membership",2020-03-18,-44.9%,-33.7%,-47.6%
TX,Food & Drink,2020-03-18,-34.1%,-17.2%,-29.7%
TX,Health Care and Fitness,2020-03-18,-14.1%,-11.9%,-14.0%
TX,Home and Repair,2020-03-18,11.2%,-5.4%,11.0%
TX,Leisure and Entertainment,2020-03-18,-39.6%,-27.6%,-35.9%
TX,Other,2020-03-18,-19.0%,-16.1%,-20.3%
TX,Professional Services,2020-03-18,-26.6%,-13.6%,-22.6%
TX,Retail,2020-03-18,-22.2%,-14.2%,-18.9%
TX,Transportation,2020-03-18,-28.1%,-11.5%,-21.5%
TX,Beauty & Personal Care,2020-03-17,-24.4%,-13.2%,-18.4%
TX,"Charities, Education & Membership",2020-03-17,-44.9%,-27.6%,-48.9%
TX,Food & Drink,2020-03-17,-26.3%,-11.7%,-21.9%
TX,Health Care and Fitness,2020-03-17,-10.8%,-9.9%,-10.3%
TX,Home and Repair,2020-03-17,5.9%,-2.7%,8.0%
TX,Leisure and Entertainment,2020-03-17,-9.1%,-22.1%,-5.7%
TX,Other,2020-03-17,-18.1%,-13.5%,-20.0%
TX,Professional Services,2020-03-17,-22.6%,-11.1%,-19.8%
TX,Retail,2020-03-17,-13.6%,-10.7%,-14.4%
TX,Transportation,2020-03-17,-19.3%,-16.8%,-15.0%
TX,Beauty & Personal Care,2020-03-16,-23.5%,-15.0%,-17.4%
TX,"Charities, Education & Membership",2020-03-16,-26.6%,-16.7%,-30.9%
TX,Food & Drink,2020-03-16,-12.2%,-6.4%,-8.7%
TX,Health Care and Fitness,2020-03-16,-6.2%,-8.0%,-6.8%
TX,Home and Repair,2020-03-16,4.5%,-4.9%,6.5%
TX,Leisure and Entertainment,2020-03-16,-4.3%,-5.1%,-3.7%
TX,Other,2020-03-16,-9.8%,-9.0%,-11.2%
TX,Professional Services,2020-03-16,-11.5%,-5.6%,-9.8%
TX,Retail,2020-03-16,-8.9%,-4.3%,-7.2%
TX,Transportation,2020-03-16,-23.4%,-20.0%,-11.2%
TX,Beauty & Personal Care,2020-03-15,-27.1%,-14.0%,-16.8%
TX,"Charities, Education & Membership",2020-03-15,-37.6%,-21.1%,-47.1%
TX,Food & Drink,2020-03-15,-11.9%,-5.6%,-7.8%
TX,Health Care and Fitness,2020-03-15,-3.1%,-3.4%,-4.2%
TX,Home and Repair,2020-03-15,-64.4%,0.0%,-51.7%
TX,Leisure and Entertainment,2020-03-15,-13.1%,-5.7%,-8.7%
TX,Other,2020-03-15,-15.7%,-12.2%,-15.9%
TX,Professional Services,2020-03-15,-14.0%,-11.9%,-12.8%
TX,Retail,2020-03-15,-6.2%,-5.9%,-6.5%
TX,Transportation,2020-03-15,-45.4%,4.3%,-32.0%
TX,Beauty & Personal Care,2020-03-14,-21.8%,-15.5%,-15.8%
TX,"Charities, Education & Membership",2020-03-14,-38.9%,-18.0%,-39.1%
TX,Food & Drink,2020-03-14,-8.0%,-3.6%,-5.1%
TX,Health Care and Fitness,2020-03-14,-4.5%,-4.4%,-6.6%
TX,Home and Repair,2020-03-14,-10.1%,14.0%,-7.8%
TX,Leisure and Entertainment,2020-03-14,2.5%,4.3%,3.8%
TX,Other,2020-03-14,-11.4%,-10.3%,-12.2%
TX,Professional Services,2020-03-14,-4.4%,-8.0%,-5.4%
TX,Retail,2020-03-14,-4.7%,-3.7%,-5.6%
TX,Transportation,2020-03-14,-30.5%,-16.9%,-27.8%
TX,Beauty & Personal Care,2020-03-13,-15.4%,-15.3%,-13.0%
TX,"Charities, Education & Membership",2020-03-13,-24.3%,-11.9%,-27.9%
TX,Food & Drink,2020-03-13,-2.5%,-2.9%,-1.2%
TX,Health Care and Fitness,2020-03-13,-7.0%,-5.5%,-7.1%
TX,Home and Repair,2020-03-13,13.5%,-9.9%,13.4%
TX,Leisure and Entertainment,2020-03-13,12.9%,-0.4%,11.2%
TX,Other,2020-03-13,-5.0%,-7.3%,-5.8%
TX,Professional Services,2020-03-13,-10.5%,-6.9%,-8.6%
TX,Retail,2020-03-13,-3.5%,-3.7%,-3.9%
TX,Transportation,2020-03-13,-21.5%,-16.8%,-21.0%
TX,Beauty & Personal Care,2020-03-12,-13.3%,-5.3%,-7.2%
TX,"Charities, Education & Membership",2020-03-12,-18.5%,-9.9%,-19.3%
TX,Food & Drink,2020-03-12,-0.4%,-2.3%,-0.4%
TX,Health Care and Fitness,2020-03-12,-4.3%,-6.5%,-6.2%
TX,Home and Repair,2020-03-12,30.9%,2.5%,26.1%
TX,Leisure and Entertainment,2020-03-12,17.5%,4.4%,18.7%
TX,Other,2020-03-12,-3.4%,-6.1%,-7.1%
TX,Professional Services,2020-03-12,-3.6%,-4.6%,-0.4%
TX,Retail,2020-03-12,-1.4%,-2.6%,-2.8%
TX,Transportation,2020-03-12,-7.0%,-13.6%,-9.4%
TX,Beauty & Personal Care,2020-03-11,-16.2%,-11.3%,-19.4%
TX,"Charities, Education & Membership",2020-03-11,-11.5%,-8.8%,-18.6%
TX,Food & Drink,2020-03-11,0.4%,-2.3%,-0.9%
TX,Health Care and Fitness,2020-03-11,-2.3%,-4.8%,-3.9%
TX,Home and Repair,2020-03-11,14.0%,8.5%,9.1%
TX,Leisure and Entertainment,2020-03-11,11.3%,15.2%,12.2%
TX,Other,2020-03-11,-1.5%,-3.6%,-4.2%
TX,Professional Services,2020-03-11,-5.0%,-5.5%,-1.7%
TX,Retail,2020-03-11,-2.1%,-2.6%,-2.7%
TX,Transportation,2020-03-11,-11.8%,-11.5%,-14.0%
TX,Beauty & Personal Care,2020-03-10,-5.8%,-0.5%,-7.2%
TX,"Charities, Education & Membership",2020-03-10,-12.8%,-5.5%,-15.7%
TX,Food & Drink,2020-03-10,-0.2%,-2.8%,-1.3%
TX,Health Care and Fitness,2020-03-10,-3.9%,-4.9%,-5.4%
TX,Home and Repair,2020-03-10,1.7%,4.6%,4.8%
TX,Leisure and Entertainment,2020-03-10,19.2%,9.1%,14.2%
TX,Other,2020-03-10,-1.9%,-6.0%,-5.6%
TX,Professional Services,2020-03-10,-5.1%,-3.4%,0.5%
TX,Retail,2020-03-10,-1.2%,-2.4%,-1.2%
TX,Transportation,2020-03-10,-0.3%,-4.0%,-8.2%
TX,Beauty & Personal Care,2020-03-09,-5.4%,-7.5%,-4.4%
TX,"Charities, Education & Membership",2020-03-09,0.5%,0.9%,-0.6%
TX,Food & Drink,2020-03-09,-0.8%,-2.9%,-1.1%
TX,Health Care and Fitness,2020-03-09,-4.6%,-6.7%,-4.3%
TX,Home and Repair,2020-03-09,-16.2%,-8.6%,-16.5%
TX,Leisure and Entertainment,2020-03-09,8.4%,13.5%,9.5%
TX,Other,2020-03-09,-0.3%,-5.5%,-3.0%
TX,Professional Services,2020-03-09,2.6%,-1.6%,3.1%
TX,Retail,2020-03-09,-1.3%,-1.4%,-1.3%
TX,Transportation,2020-03-09,-22.3%,-13.6%,-22.9%
TX,Beauty & Personal Care,2020-03-08,-11.0%,-10.3%,-5.1%
TX,"Charities, Education & Membership",2020-03-08,-3.5%,1.4%,-18.7%
TX,Food & Drink,2020-03-08,2.8%,-1.5%,1.0%
TX,Health Care and Fitness,2020-03-08,2.1%,-2.5%,-2.8%
TX,Home and Repair,2020-03-08,-6.5%,0.0%,-7.4%
TX,Leisure and Entertainment,2020-03-08,15.5%,5.7%,10.7%
TX,Other,2020-03-08,4.4%,-3.9%,2.2%
TX,Professional Services,2020-03-08,3.1%,-9.1%,9.7%
TX,Retail,2020-03-08,2.0%,-1.3%,-0.4%
TX,Transportation,2020-03-08,-8.0%,-21.7%,-18.6%
TX,Beauty & Personal Care,2020-03-07,-13.8%,-9.9%,-12.3%
TX,"Charities, Education & Membership",2020-03-07,11.7%,3.4%,12.4%
TX,Food & Drink,2020-03-07,3.4%,-1.5%,1.0%
TX,Health Care and Fitness,2020-03-07,-2.7%,-3.1%,-1.1%
TX,Home and Repair,2020-03-07,-1.2%,-2.3%,2.2%
TX,Leisure and Entertainment,2020-03-07,10.2%,5.7%,15.9%
TX,Other,2020-03-07,10.1%,0.7%,8.9%
TX,Professional Services,2020-03-07,14.2%,12.3%,25.4%
TX,Retail,2020-03-07,1.2%,-3.5%,-0.3%
TX,Transportation,2020-03-07,-5.6%,-1.3%,-13.7%
TX,Beauty & Personal Care,2020-03-06,-14.9%,-11.7%,-6.7%
TX,"Charities, Education & Membership",2020-03-06,2.4%,-0.6%,0.6%
TX,Food & Drink,2020-03-06,3.1%,-1.4%,1.6%
TX,Health Care and Fitness,2020-03-06,-1.3%,-4.3%,-2.7%
TX,Home and Repair,2020-03-06,14.7%,-1.2%,9.5%
TX,Leisure and Entertainment,2020-03-06,5.2%,-4.7%,5.1%
TX,Other,2020-03-06,4.9%,-3.7%,2.0%
TX,Professional Services,2020-03-06,5.7%,-3.4%,4.2%
TX,Retail,2020-03-06,-1.0%,-2.2%,-1.9%
TX,Transportation,2020-03-06,-11.8%,-10.4%,-19.3%
TX,Beauty & Personal Care,2020-03-05,-14.3%,-7.2%,-9.2%
TX,"Charities, Education & Membership",2020-03-05,-0.9%,0.0%,4.4%
TX,Food & Drink,2020-03-05,0.8%,-2.0%,0.5%
TX,Health Care and Fitness,2020-03-05,-1.7%,-3.6%,-0.4%
TX,Home and Repair,2020-03-05,20.9%,2.5%,14.9%
TX,Leisure and Entertainment,2020-03-05,-1.7%,-1.5%,0.8%
TX,Other,2020-03-05,2.4%,-3.2%,1.4%
TX,Professional Services,2020-03-05,1.7%,-4.2%,3.0%
TX,Retail,2020-03-05,-1.9%,-2.2%,-1.2%
TX,Transportation,2020-03-05,-12.4%,-4.0%,-13.6%
TX,Beauty & Personal Care,2020-03-04,-16.1%,-15.3%,-12.2%
TX,"Charities, Education & Membership",2020-03-04,1.0%,-0.2%,4.3%
TX,Food & Drink,2020-03-04,-1.6%,-2.5%,-1.5%
TX,Health Care and Fitness,2020-03-04,-0.3%,-2.2%,0.3%
TX,Home and Repair,2020-03-04,-9.9%,-9.1%,-13.2%
TX,Leisure and Entertainment,2020-03-04,-4.0%,-2.9%,-2.3%
TX,Other,2020-03-04,-0.7%,-7.2%,-1.2%
TX,Professional Services,2020-03-04,2.4%,-2.6%,1.8%
TX,Retail,2020-03-04,-3.0%,-2.6%,-2.3%
TX,Transportation,2020-03-04,-14.4%,-8.4%,-15.7%
TX,Beauty & Personal Care,2020-03-03,-11.5%,-4.8%,-12.4%
TX,"Charities, Education & Membership",2020-03-03,1.8%,-2.5%,2.8%
TX,Food & Drink,2020-03-03,0.2%,-2.6%,-0.1%
TX,Health Care and Fitness,2020-03-03,0.3%,-3.4%,-1.0%
TX,Home and Repair,2020-03-03,4.7%,-0.3%,3.5%
TX,Leisure and Entertainment,2020-03-03,-1.3%,0.4%,-2.5%
TX,Other,2020-03-03,0.9%,-3.6%,0.6%
TX,Professional Services,2020-03-03,4.9%,-2.0%,4.4%
TX,Retail,2020-03-03,-2.6%,-3.1%,-1.9%
TX,Transportation,2020-03-03,-16.2%,-7.2%,-11.9%
TX,Beauty & Personal Care,2020-03-02,-19.6%,-10.0%,-11.8%
TX,"Charities, Education & Membership",2020-03-02,13.5%,11.4%,20.1%
TX,Food & Drink,2020-03-02,-0.8%,-1.6%,-0.2%
TX,Health Care and Fitness,2020-03-02,-0.7%,-3.2%,-0.3%
TX,Home and Repair,2020-03-02,3.5%,-4.9%,1.6%
TX,Leisure and Entertainment,2020-03-02,-1.2%,2.3%,-0.6%
TX,Other,2020-03-02,4.4%,-2.6%,4.9%
TX,Professional Services,2020-03-02,7.5%,0.9%,5.7%
TX,Retail,2020-03-02,-2.3%,-2.0%,-2.0%
TX,Transportation,2020-03-02,-4.3%,-4.0%,-9.5%
TX,Beauty & Personal Care,2020-03-01,-14.5%,-17.8%,-8.0%
TX,"Charities, Education & Membership",2020-03-01,2.1%,7.0%,2.6%
TX,Food & Drink,2020-03-01,1.2%,-1.3%,0.1%
TX,Health Care and Fitness,2020-03-01,1.4%,-2.5%,0.5%
TX,Home and Repair,2020-03-01,-11.7%,-6.7%,-6.4%
TX,Leisure and Entertainment,2020-03-01,15.6%,5.7%,9.6%
TX,Other,2020-03-01,6.6%,-3.2%,3.9%
TX,Professional Services,2020-03-01,20.3%,-6.3%,16.3%
TX,Retail,2020-03-01,-0.7%,-0.5%,-1.0%
TX,Transportation,2020-03-01,-4.2%,13.0%,-11.3%
